data_venda;vendas_dia;faturamento_dia;unidades_dia;ano;mes;dia_semana
2021-04-01 23:18:15.225659;119;24072.3;292;2021;4;3
2021-04-02 23:18:15.225659;159;30880.8;396;2021;4;4
2021-04-03 23:18:15.225659;123;25142.2;316;2021;4;5
2021-04-04 23:18:15.225659;152;28318.70001;387;2021;4;6
2021-04-05 23:18:15.225659;147;25890.5;357;2021;4;0
2021-04-06 23:18:15.225659;130;22795.4;329;2021;4;1
2021-04-07 23:18:15.225659;123;23807.50001;314;2021;4;2
2021-04-08 23:18:15.225659;142;28051.5;349;2021;4;3
2021-04-09 23:18:15.225659;149;30952.0;380;2021;4;4
2021-04-10 23:18:15.225659;129;27453.0;305;2021;4;5
2021-04-11 23:18:15.225659;126;24730.1;306;2021;4;6
2021-04-12 23:18:15.225659;133;27726.1;349;2021;4;0
2021-04-13 23:18:15.225659;142;30593.2;361;2021;4;1
2021-04-14 23:18:15.225659;132;26522.2;326;2021;4;2
2021-04-15 23:18:15.225659;140;28451.9;360;2021;4;3
2021-04-16 23:18:15.225659;143;25419.0;342;2021;4;4
2021-04-17 23:18:15.225659;138;26302.7;342;2021;4;5
2021-04-18 23:18:15.225659;145;28685.6;353;2021;4;6
2021-04-19 23:18:15.225659;159;32724.30001;396;2021;4;0
2021-04-20 23:18:15.225659;113;23743.8;297;2021;4;1
2021-04-21 23:18:15.225659;143;32416.3;363;2021;4;2
2021-04-22 23:18:15.225659;134;26169.90001;339;2021;4;3
2021-04-23 23:18:15.225659;134;28156.5;336;2021;4;4
2021-04-24 23:18:15.225659;137;28402.1;338;2021;4;5
2021-04-25 23:18:15.225659;143;29426.8;360;2021;4;6
2021-04-26 23:18:15.225659;140;26374.3;333;2021;4;0
2021-04-27 23:18:15.225659;132;29280.1;332;2021;4;1
2021-04-28 23:18:15.225659;150;33282.2;373;2021;4;2
2021-04-29 23:18:15.225659;135;30541.80001;337;2021;4;3
2021-04-30 23:18:15.225659;143;27422.80001;381;2021;4;4
2021-05-01 23:18:15.225659;130;28388.0;310;2021;5;5
2021-05-02 23:18:15.225659;136;28703.0;334;2021;5;6
2021-05-03 23:18:15.225659;123;25962.4;316;2021;5;0
2021-05-04 23:18:15.225659;107;21361.9;254;2021;5;1
2021-05-05 23:18:15.225659;147;26638.5;368;2021;5;2
2021-05-06 23:18:15.225659;123;25420.1;302;2021;5;3
2021-05-07 23:18:15.225659;161;31092.0;376;2021;5;4
2021-05-08 23:18:15.225659;118;22994.1;292;2021;5;5
2021-05-09 23:18:15.225659;116;20820.100010000002;287;2021;5;6
2021-05-10 23:18:15.225659;147;29448.4;379;2021;5;0
2021-05-11 23:18:15.225659;151;28710.6;368;2021;5;1
2021-05-12 23:18:15.225659;122;23976.6;332;2021;5;2
2021-05-13 23:18:15.225659;126;23176.7;307;2021;5;3
2021-05-14 23:18:15.225659;132;25149.2;318;2021;5;4
2021-05-15 23:18:15.225659;126;27715.1;342;2021;5;5
2021-05-16 23:18:15.225659;136;26962.5;349;2021;5;6
2021-05-17 23:18:15.225659;149;28325.0;349;2021;5;0
2021-05-18 23:18:15.225659;141;28370.2;353;2021;5;1
2021-05-19 23:18:15.225659;129;26191.4;326;2021;5;2
2021-05-20 23:18:15.225659;141;26008.6;338;2021;5;3
2021-05-21 23:18:15.225659;127;25737.7;313;2021;5;4
2021-05-22 23:18:15.225659;130;24728.1;333;2021;5;5
2021-05-23 23:18:15.225659;147;28846.50001;377;2021;5;6
2021-05-24 23:18:15.225659;140;27806.30001;358;2021;5;0
2021-05-25 23:18:15.225659;138;26224.6;346;2021;5;1
2021-05-26 23:18:15.225659;149;25484.0;343;2021;5;2
2021-05-27 23:18:15.225659;131;27757.9;346;2021;5;3
2021-05-28 23:18:15.225659;158;33689.20001;419;2021;5;4
2021-05-29 23:18:15.225659;117;23322.600010000002;289;2021;5;5
2021-05-30 23:18:15.225659;131;26756.1;336;2021;5;6
2021-05-31 23:18:15.225659;150;35843.5;384;2021;5;0
2021-06-01 23:18:15.225659;145;27051.3;360;2021;6;1
2021-06-02 23:18:15.225659;150;29431.8;368;2021;6;2
2021-06-03 23:18:15.225659;140;29685.2;366;2021;6;3
2021-06-04 23:18:15.225659;151;25651.60002;382;2021;6;4
2021-06-05 23:18:15.225659;128;26420.2;333;2021;6;5
2021-06-06 23:18:15.225659;130;25584.70002;339;2021;6;6
2021-06-07 23:18:15.225659;133;28379.4;361;2021;6;0
2021-06-08 23:18:15.225659;151;31510.1;372;2021;6;1
2021-06-09 23:18:15.225659;141;25565.4;311;2021;6;2
2021-06-10 23:18:15.225659;125;24617.1;310;2021;6;3
2021-06-11 23:18:15.225659;147;28537.8;365;2021;6;4
2021-06-12 23:18:15.225659;121;25890.6;310;2021;6;5
2021-06-13 23:18:15.225659;137;25724.2;328;2021;6;6
2021-06-14 23:18:15.225659;135;31030.00001;354;2021;6;0
2021-06-15 23:18:15.225659;127;22396.7;312;2021;6;1
2021-06-16 23:18:15.225659;163;30548.5;389;2021;6;2
2021-06-17 23:18:15.225659;142;28689.4;345;2021;6;3
2021-06-18 23:18:15.225659;117;26344.5;295;2021;6;4
2021-06-19 23:18:15.225659;148;31480.6;362;2021;6;5
2021-06-20 23:18:15.225659;128;27913.8;321;2021;6;6
2021-06-21 23:18:15.225659;133;27644.3;334;2021;6;0
2021-06-22 23:18:15.225659;124;23502.5;304;2021;6;1
2021-06-23 23:18:15.225659;146;25718.5;357;2021;6;2
2021-06-24 23:18:15.225659;124;23887.5;293;2021;6;3
2021-06-25 23:18:15.225659;132;25850.8;326;2021;6;4
2021-06-26 23:18:15.225659;126;24102.0;330;2021;6;5
2021-06-27 23:18:15.225659;139;30325.0;339;2021;6;6
2021-06-28 23:18:15.225659;125;23702.20001;316;2021;6;0
2021-06-29 23:18:15.225659;131;26629.70001;339;2021;6;1
2021-06-30 23:18:15.225659;139;27335.7;358;2021;6;2
2021-07-01 23:18:15.225659;149;28385.3;367;2021;7;3
2021-07-02 23:18:15.225659;120;27077.0;317;2021;7;4
2021-07-03 23:18:15.225659;137;29567.50001;339;2021;7;5
2021-07-04 23:18:15.225659;110;21091.0;274;2021;7;6
2021-07-05 23:18:15.225659;135;26474.70001;350;2021;7;0
2021-07-06 23:18:15.225659;144;24194.2;340;2021;7;1
2021-07-07 23:18:15.225659;137;29001.3;360;2021;7;2
2021-07-08 23:18:15.225659;140;29252.9;356;2021;7;3
2021-07-09 23:18:15.225659;133;27085.6;353;2021;7;4
2021-07-10 23:18:15.225659;134;26599.4;339;2021;7;5
2021-07-11 23:18:15.225659;150;28914.3;369;2021;7;6
2021-07-12 23:18:15.225659;129;22827.80001;333;2021;7;0
2021-07-13 23:18:15.225659;131;26004.3;312;2021;7;1
2021-07-14 23:18:15.225659;138;25626.60001;350;2021;7;2
2021-07-15 23:18:15.225659;124;26976.8;310;2021;7;3
2021-07-16 23:18:15.225659;142;27702.00002;363;2021;7;4
2021-07-17 23:18:15.225659;158;28513.2;391;2021;7;5
2021-07-18 23:18:15.225659;152;31145.4;366;2021;7;6
2021-07-19 23:18:15.225659;154;30580.8;383;2021;7;0
2021-07-20 23:18:15.225659;145;27448.4;363;2021;7;1
2021-07-21 23:18:15.225659;145;26235.6;362;2021;7;2
2021-07-22 23:18:15.225659;149;30104.9;389;2021;7;3
2021-07-23 23:18:15.225659;138;28891.9;355;2021;7;4
2021-07-24 23:18:15.225659;153;29835.5;385;2021;7;5
2021-07-25 23:18:15.225659;147;28668.9;360;2021;7;6
2021-07-26 23:18:15.225659;134;28576.6;347;2021;7;0
2021-07-27 23:18:15.225659;136;24500.00001;322;2021;7;1
2021-07-28 23:18:15.225659;135;30011.5;338;2021;7;2
2021-07-29 23:18:15.225659;135;25513.0;339;2021;7;3
2021-07-30 23:18:15.225659;134;24774.4;324;2021;7;4
2021-07-31 23:18:15.225659;139;29487.0;330;2021;7;5
2021-08-01 23:18:15.225659;155;32532.7;400;2021;8;6
2021-08-02 23:18:15.225659;130;25456.20002;313;2021;8;0
2021-08-03 23:18:15.225659;148;28596.9;380;2021;8;1
2021-08-04 23:18:15.225659;125;21326.1;287;2021;8;2
2021-08-05 23:18:15.225659;142;25298.6;338;2021;8;3
2021-08-06 23:18:15.225659;126;25906.5;328;2021;8;4
2021-08-07 23:18:15.225659;146;29960.9;359;2021;8;5
2021-08-08 23:18:15.225659;146;27283.9;352;2021;8;6
2021-08-09 23:18:15.225659;153;28491.600000000002;379;2021;8;0
2021-08-10 23:18:15.225659;128;26638.3;327;2021;8;1
2021-08-11 23:18:15.225659;155;35808.8;405;2021;8;2
2021-08-12 23:18:15.225659;129;24049.20001;317;2021;8;3
2021-08-13 23:18:15.225659;132;31226.0;357;2021;8;4
2021-08-14 23:18:15.225659;131;24835.70001;324;2021;8;5
2021-08-15 23:18:15.225659;126;25888.3;335;2021;8;6
2021-08-16 23:18:15.225659;129;24102.4;314;2021;8;0
2021-08-17 23:18:15.225659;140;27905.5;359;2021;8;1
2021-08-18 23:18:15.225659;134;24434.2;355;2021;8;2
2021-08-19 23:18:15.225659;154;29539.90001;392;2021;8;3
2021-08-20 23:18:15.225659;148;28608.2;377;2021;8;4
2021-08-21 23:18:15.225659;148;28315.0;365;2021;8;5
2021-08-22 23:18:15.225659;121;23904.4;287;2021;8;6
2021-08-23 23:18:15.225659;132;26087.90001;320;2021;8;0
2021-08-24 23:18:15.225659;135;24493.0;330;2021;8;1
2021-08-25 23:18:15.225659;146;26168.8;362;2021;8;2
2021-08-26 23:18:15.225659;134;28183.70001;360;2021;8;3
2021-08-27 23:18:15.225659;150;29926.3;386;2021;8;4
2021-08-28 23:18:15.225659;143;26501.0;351;2021;8;5
2021-08-29 23:18:15.225659;143;30685.0;367;2021;8;6
2021-08-30 23:18:15.225659;140;29688.7;367;2021;8;0
2021-08-31 23:18:15.225659;140;28491.8;345;2021;8;1
2021-09-01 23:18:15.225659;149;29519.1;371;2021;9;2
2021-09-02 23:18:15.225659;141;31669.3;367;2021;9;3
2021-09-03 23:18:15.225659;152;30482.2;367;2021;9;4
2021-09-04 23:18:15.225659;136;25506.2;344;2021;9;5
2021-09-05 23:18:15.225659;127;26716.30001;327;2021;9;6
2021-09-06 23:18:15.225659;141;28173.6;358;2021;9;0
2021-09-07 23:18:15.225659;144;31576.6;381;2021;9;1
2021-09-08 23:18:15.225659;137;26628.3;339;2021;9;2
2021-09-09 23:18:15.225659;165;34062.3;409;2021;9;3
2021-09-10 23:18:15.225659;139;27738.1;347;2021;9;4
2021-09-11 23:18:15.225659;149;28015.30001;384;2021;9;5
2021-09-12 23:18:15.225659;144;33450.0;369;2021;9;6
2021-09-13 23:18:15.225659;129;23368.90001;311;2021;9;0
2021-09-14 23:18:15.225659;134;28607.80001;329;2021;9;1
2021-09-15 23:18:15.225659;137;27097.0;357;2021;9;2
2021-09-16 23:18:15.225659;156;27683.4;370;2021;9;3
2021-09-17 23:18:15.225659;133;23578.6;334;2021;9;4
2021-09-18 23:18:15.225659;145;28578.00001;363;2021;9;5
2021-09-19 23:18:15.225659;141;25962.20001;342;2021;9;6
2021-09-20 23:18:15.225659;152;30643.3;379;2021;9;0
2021-09-21 23:18:15.225659;147;31721.6;385;2021;9;1
2021-09-22 23:18:15.225659;131;25266.8;307;2021;9;2
2021-09-23 23:18:15.225659;130;26672.2;336;2021;9;3
2021-09-24 23:18:15.225659;139;26574.70001;323;2021;9;4
2021-09-25 23:18:15.225659;147;31959.0;379;2021;9;5
2021-09-26 23:18:15.225659;139;27628.5;341;2021;9;6
2021-09-27 23:18:15.225659;151;24542.600010000002;354;2021;9;0
2021-09-28 23:18:15.225659;145;33168.90001;387;2021;9;1
2021-09-29 23:18:15.225659;129;30621.30001;352;2021;9;2
2021-09-30 23:18:15.225659;143;29742.1;379;2021;9;3
2021-10-01 23:18:15.225659;137;26350.4;349;2021;10;4
2021-10-02 23:18:15.225659;141;26160.5;344;2021;10;5
2021-10-03 23:18:15.225659;136;29163.600000000002;358;2021;10;6
2021-10-04 23:18:15.225659;144;30149.4;352;2021;10;0
2021-10-05 23:18:15.225659;144;30079.5;359;2021;10;1
2021-10-06 23:18:15.225659;139;26417.5;345;2021;10;2
2021-10-07 23:18:15.225659;160;33330.1;402;2021;10;3
2021-10-08 23:18:15.225659;127;29373.9;339;2021;10;4
2021-10-09 23:18:15.225659;133;29828.5;334;2021;10;5
2021-10-10 23:18:15.225659;151;27644.6;348;2021;10;6
2021-10-11 23:18:15.225659;148;27957.8;368;2021;10;0
2021-10-12 23:18:15.225659;129;24912.6;317;2021;10;1
2021-10-13 23:18:15.225659;123;23294.2;312;2021;10;2
2021-10-14 23:18:15.225659;146;25943.7;351;2021;10;3
2021-10-15 23:18:15.225659;133;25269.3;336;2021;10;4
2021-10-16 23:18:15.225659;128;25492.5;319;2021;10;5
2021-10-17 23:18:15.225659;127;24274.2;319;2021;10;6
2021-10-18 23:18:15.225659;145;30644.5;363;2021;10;0
2021-10-19 23:18:15.225659;121;25990.9;311;2021;10;1
2021-10-20 23:18:15.225659;122;23581.7;298;2021;10;2
2021-10-21 23:18:15.225659;109;19353.9;266;2021;10;3
2021-10-22 23:18:15.225659;132;27084.6;331;2021;10;4
2021-10-23 23:18:15.225659;130;22882.2;320;2021;10;5
2021-10-24 23:18:15.225659;115;23821.7;292;2021;10;6
2021-10-25 23:18:15.225659;145;30201.3;370;2021;10;0
2021-10-26 23:18:15.225659;138;27361.8;343;2021;10;1
2021-10-27 23:18:15.225659;121;22474.1;306;2021;10;2
2021-10-28 23:18:15.225659;115;22178.1;267;2021;10;3
2021-10-29 23:18:15.225659;124;24221.4;302;2021;10;4
2021-10-30 23:18:15.225659;150;29372.4;359;2021;10;5
2021-10-31 23:18:15.225659;158;29560.4;401;2021;10;6
2021-11-01 23:18:15.225659;148;26752.7;357;2021;11;0
2021-11-02 23:18:15.225659;128;27080.7;326;2021;11;1
2021-11-03 23:18:15.225659;135;24333.4;334;2021;11;2
2021-11-04 23:18:15.225659;137;28711.2;347;2021;11;3
2021-11-05 23:18:15.225659;152;30337.6;377;2021;11;4
2021-11-06 23:18:15.225659;143;25885.7;368;2021;11;5
2021-11-07 23:18:15.225659;125;23840.40001;325;2021;11;6
2021-11-08 23:18:15.225659;134;26374.1;338;2021;11;0
2021-11-09 23:18:15.225659;144;30973.4;383;2021;11;1
2021-11-10 23:18:15.225659;143;28329.6;376;2021;11;2
2021-11-11 23:18:15.225659;166;31997.7;390;2021;11;3
2021-11-12 23:18:15.225659;147;28424.40001;351;2021;11;4
2021-11-13 23:18:15.225659;108;20532.600010000002;255;2021;11;5
2021-11-14 23:18:15.225659;176;32570.9;416;2021;11;6
2021-11-15 23:18:15.225659;144;30201.7;379;2021;11;0
2021-11-16 23:18:15.225659;147;30159.6;356;2021;11;1
2021-11-17 23:18:15.225659;151;28705.80001;373;2021;11;2
2021-11-18 23:18:15.225659;128;28549.1;326;2021;11;3
2021-11-19 23:18:15.225659;134;25381.8;322;2021;11;4
2021-11-20 23:18:15.225659;139;29582.80001;354;2021;11;5
2021-11-21 23:18:15.225659;151;29029.5;376;2021;11;6
2021-11-22 23:18:15.225659;149;29775.5;368;2021;11;0
2021-11-23 23:18:15.225659;160;33106.50001;412;2021;11;1
2021-11-24 23:18:15.225659;142;30373.4;387;2021;11;2
2021-11-25 23:18:15.225659;142;27038.1;364;2021;11;3
2021-11-26 23:18:15.225659;141;23584.1;337;2021;11;4
2021-11-27 23:18:15.225659;122;22442.0;292;2021;11;5
2021-11-28 23:18:15.225659;143;30125.5;365;2021;11;6
2021-11-29 23:18:15.225659;140;28578.5;376;2021;11;0
2021-11-30 23:18:15.225659;126;20728.8;300;2021;11;1
2021-12-01 23:18:15.225659;153;29666.5;369;2021;12;2
2021-12-02 23:18:15.225659;128;27331.5;356;2021;12;3
2021-12-03 23:18:15.225659;148;31130.30001;382;2021;12;4
2021-12-04 23:18:15.225659;143;27888.00001;357;2021;12;5
2021-12-05 23:18:15.225659;134;24090.0;320;2021;12;6
2021-12-06 23:18:15.225659;138;27109.7;340;2021;12;0
2021-12-07 23:18:15.225659;127;28823.1;316;2021;12;1
2021-12-08 23:18:15.225659;126;22864.7;328;2021;12;2
2021-12-09 23:18:15.225659;122;26280.1;290;2021;12;3
2021-12-10 23:18:15.225659;132;29146.80001;320;2021;12;4
2021-12-11 23:18:15.225659;142;25558.00001;335;2021;12;5
2021-12-12 23:18:15.225659;141;28776.3;365;2021;12;6
2021-12-13 23:18:15.225659;134;27708.0;334;2021;12;0
2021-12-14 23:18:15.225659;138;27747.9;338;2021;12;1
2021-12-15 23:18:15.225659;137;28250.8;352;2021;12;2
2021-12-16 23:18:15.225659;147;29575.0;357;2021;12;3
2021-12-17 23:18:15.225659;140;29584.6;358;2021;12;4
2021-12-18 23:18:15.225659;119;24300.3;302;2021;12;5
2021-12-19 23:18:15.225659;129;23688.2;328;2021;12;6
2021-12-20 23:18:15.225659;145;27855.8;354;2021;12;0
2021-12-21 23:18:15.225659;133;28666.8;333;2021;12;1
2021-12-22 23:18:15.225659;139;27531.0;344;2021;12;2
2021-12-23 23:18:15.225659;158;34207.6;407;2021;12;3
2021-12-24 23:18:15.225659;138;23546.90001;321;2021;12;4
2021-12-25 23:18:15.225659;125;26376.3;310;2021;12;5
2021-12-26 23:18:15.225659;139;27593.5;352;2021;12;6
2021-12-27 23:18:15.225659;150;31116.70001;405;2021;12;0
2021-12-28 23:18:15.225659;123;22293.2;318;2021;12;1
2021-12-29 23:18:15.225659;126;23825.4;321;2021;12;2
2021-12-30 23:18:15.225659;151;31702.1;387;2021;12;3
2021-12-31 23:18:15.225659;138;28711.2;357;2021;12;4
2022-01-01 23:18:15.225659;125;26694.7;312;2022;1;5
2022-01-02 23:18:15.225659;131;22386.4;316;2022;1;6
2022-01-03 23:18:15.225659;137;30633.8;366;2022;1;0
2022-01-04 23:18:15.225659;151;30755.4;379;2022;1;1
2022-01-05 23:18:15.225659;128;25974.9;319;2022;1;2
2022-01-06 23:18:15.225659;143;29253.9;373;2022;1;3
2022-01-07 23:18:15.225659;142;29086.0;369;2022;1;4
2022-01-08 23:18:15.225659;145;26745.3;340;2022;1;5
2022-01-09 23:18:15.225659;136;28697.4;341;2022;1;6
2022-01-10 23:18:15.225659;143;31364.7;383;2022;1;0
2022-01-11 23:18:15.225659;135;21916.8;344;2022;1;1
2022-01-12 23:18:15.225659;134;26104.6;322;2022;1;2
2022-01-13 23:18:15.225659;120;24059.9;301;2022;1;3
2022-01-14 23:18:15.225659;151;29951.0;390;2022;1;4
2022-01-15 23:18:15.225659;132;22438.1;329;2022;1;5
2022-01-16 23:18:15.225659;132;25233.4;350;2022;1;6
2022-01-17 23:18:15.225659;131;27537.7;346;2022;1;0
2022-01-18 23:18:15.225659;134;25962.7;318;2022;1;1
2022-01-19 23:18:15.225659;141;33230.9;353;2022;1;2
2022-01-20 23:18:15.225659;138;25827.0;344;2022;1;3
2022-01-21 23:18:15.225659;133;27592.1;332;2022;1;4
2022-01-22 23:18:15.225659;124;29361.7;333;2022;1;5
2022-01-23 23:18:15.225659;142;29678.7;352;2022;1;6
2022-01-24 23:18:15.225659;143;30392.3;363;2022;1;0
2022-01-25 23:18:15.225659;142;23625.3;336;2022;1;1
2022-01-26 23:18:15.225659;154;32378.9;385;2022;1;2
2022-01-27 23:18:15.225659;144;27966.3;367;2022;1;3
2022-01-28 23:18:15.225659;130;30803.100000000002;370;2022;1;4
2022-01-29 23:18:15.225659;141;24209.7;336;2022;1;5
2022-01-30 23:18:15.225659;125;24158.9;306;2022;1;6
2022-01-31 23:18:15.225659;125;23973.5;315;2022;1;0
2022-02-01 23:18:15.225659;127;25723.7;331;2022;2;1
2022-02-02 23:18:15.225659;113;23345.7;286;2022;2;2
2022-02-03 23:18:15.225659;145;25466.2;341;2022;2;3
2022-02-04 23:18:15.225659;128;24061.2;328;2022;2;4
2022-02-05 23:18:15.225659;128;26017.5;333;2022;2;5
2022-02-06 23:18:15.225659;145;28105.9;363;2022;2;6
2022-02-07 23:18:15.225659;141;27339.100010000002;356;2022;2;0
2022-02-08 23:18:15.225659;143;24202.0;327;2022;2;1
2022-02-09 23:18:15.225659;144;26921.2;355;2022;2;2
2022-02-10 23:18:15.225659;135;28528.5;339;2022;2;3
2022-02-11 23:18:15.225659;134;28255.3;333;2022;2;4
2022-02-12 23:18:15.225659;141;27779.7;337;2022;2;5
2022-02-13 23:18:15.225659;119;23276.9;308;2022;2;6
2022-02-14 23:18:15.225659;148;29956.5;391;2022;2;0
2022-02-15 23:18:15.225659;151;28927.0;353;2022;2;1
2022-02-16 23:18:15.225659;128;27139.30002;338;2022;2;2
2022-02-17 23:18:15.225659;143;25501.00001;358;2022;2;3
2022-02-18 23:18:15.225659;140;29452.6;356;2022;2;4
2022-02-19 23:18:15.225659;131;21004.20001;286;2022;2;5
2022-02-20 23:18:15.225659;135;27273.4;345;2022;2;6
2022-02-21 23:18:15.225659;126;24768.4;308;2022;2;0
2022-02-22 23:18:15.225659;125;23929.3;312;2022;2;1
2022-02-23 23:18:15.225659;141;24502.5;324;2022;2;2
2022-02-24 23:18:15.225659;140;30307.1;371;2022;2;3
2022-02-25 23:18:15.225659;146;28163.9;369;2022;2;4
2022-02-26 23:18:15.225659;141;29370.30001;371;2022;2;5
2022-02-27 23:18:15.225659;136;25947.30001;339;2022;2;6
2022-02-28 23:18:15.225659;117;20701.8;289;2022;2;0
2022-03-01 23:18:15.225659;145;29722.0;381;2022;3;1
2022-03-02 23:18:15.225659;151;31882.0;359;2022;3;2
2022-03-03 23:18:15.225659;135;25781.4;334;2022;3;3
2022-03-04 23:18:15.225659;153;29141.5;393;2022;3;4
2022-03-05 23:18:15.225659;137;27056.8;324;2022;3;5
2022-03-06 23:18:15.225659;140;27147.1;335;2022;3;6
2022-03-07 23:18:15.225659;128;28867.70001;337;2022;3;0
2022-03-08 23:18:15.225659;126;25266.20001;313;2022;3;1
2022-03-09 23:18:15.225659;126;26077.6;326;2022;3;2
2022-03-10 23:18:15.225659;133;29071.4;350;2022;3;3
2022-03-11 23:18:15.225659;126;26465.1;317;2022;3;4
2022-03-12 23:18:15.225659;156;32986.8;414;2022;3;5
2022-03-13 23:18:15.225659;140;26624.90001;355;2022;3;6
2022-03-14 23:18:15.225659;138;27299.8;360;2022;3;0
2022-03-15 23:18:15.225659;122;23454.40001;314;2022;3;1
2022-03-16 23:18:15.225659;127;26349.4;319;2022;3;2
2022-03-17 23:18:15.225659;128;26115.2;320;2022;3;3
2022-03-18 23:18:15.225659;144;27932.10003;358;2022;3;4
2022-03-19 23:18:15.225659;141;27558.2;337;2022;3;5
2022-03-20 23:18:15.225659;149;28222.0;338;2022;3;6
2022-03-21 23:18:15.225659;128;23998.4;309;2022;3;0
2022-03-22 23:18:15.225659;143;28675.2;365;2022;3;1
2022-03-23 23:18:15.225659;142;28158.4;354;2022;3;2
2022-03-24 23:18:15.225659;135;28263.100010000002;343;2022;3;3
2022-03-25 23:18:15.225659;152;31062.20001;374;2022;3;4
2022-03-26 23:18:15.225659;141;28944.3;362;2022;3;5
2022-03-27 23:18:15.225659;125;26236.7;314;2022;3;6
2022-03-28 23:18:15.225659;134;29325.00002;336;2022;3;0
2022-03-29 23:18:15.225659;138;31475.100000000002;347;2022;3;1
2022-03-30 23:18:15.225659;143;28098.9;359;2022;3;2
2022-03-31 23:18:15.225659;151;33357.3;361;2022;3;3
2022-04-01 23:18:15.225659;141;28057.50002;336;2022;4;4
2022-04-02 23:18:15.225659;120;24336.3;319;2022;4;5
2022-04-03 23:18:15.225659;137;26722.3;331;2022;4;6
2022-04-04 23:18:15.225659;146;28443.6;358;2022;4;0
2022-04-05 23:18:15.225659;134;24809.4;331;2022;4;1
2022-04-06 23:18:15.225659;136;25132.5;330;2022;4;2
2022-04-07 23:18:15.225659;133;28138.2;330;2022;4;3
2022-04-08 23:18:15.225659;131;24898.4;323;2022;4;4
2022-04-09 23:18:15.225659;135;27076.50002;339;2022;4;5
2022-04-10 23:18:15.225659;150;28321.4;362;2022;4;6
2022-04-11 23:18:15.225659;154;31443.9;374;2022;4;0
2022-04-12 23:18:15.225659;147;34220.5;394;2022;4;1
2022-04-13 23:18:15.225659;138;25557.4;361;2022;4;2
2022-04-14 23:18:15.225659;122;20197.0;284;2022;4;3
2022-04-15 23:18:15.225659;126;22692.2;303;2022;4;4
2022-04-16 23:18:15.225659;148;28471.6;375;2022;4;5
2022-04-17 23:18:15.225659;138;27617.7;355;2022;4;6
2022-04-18 23:18:15.225659;153;31318.2;401;2022;4;0
2022-04-19 23:18:15.225659;140;29704.2;352;2022;4;1
2022-04-20 23:18:15.225659;138;26488.3;324;2022;4;2
2022-04-21 23:18:15.225659;137;29254.6;358;2022;4;3
2022-04-22 23:18:15.225659;157;29620.50003;373;2022;4;4
2022-04-23 23:18:15.225659;128;26398.4;349;2022;4;5
2022-04-24 23:18:15.225659;124;26130.1;315;2022;4;6
2022-04-25 23:18:15.225659;146;31027.9;356;2022;4;0
2022-04-26 23:18:15.225659;122;21210.20001;302;2022;4;1
2022-04-27 23:18:15.225659;122;23754.6;312;2022;4;2
2022-04-28 23:18:15.225659;146;29089.4;341;2022;4;3
2022-04-29 23:18:15.225659;125;24349.40001;318;2022;4;4
2022-04-30 23:18:15.225659;138;29651.80001;335;2022;4;5
2022-05-01 23:18:15.225659;170;31575.00002;406;2022;5;6
2022-05-02 23:18:15.225659;128;24298.1;328;2022;5;0
2022-05-03 23:18:15.225659;148;32651.5;383;2022;5;1
2022-05-04 23:18:15.225659;136;29386.600000000002;357;2022;5;2
2022-05-05 23:18:15.225659;139;27761.20001;346;2022;5;3
2022-05-06 23:18:15.225659;130;26081.6;330;2022;5;4
2022-05-07 23:18:15.225659;148;31534.6;365;2022;5;5
2022-05-08 23:18:15.225659;142;26674.0;346;2022;5;6
2022-05-09 23:18:15.225659;145;30060.7;363;2022;5;0
2022-05-10 23:18:15.225659;134;24890.4;356;2022;5;1
2022-05-11 23:18:15.225659;152;30680.4;372;2022;5;2
2022-05-12 23:18:15.225659;131;24767.7;313;2022;5;3
2022-05-13 23:18:15.225659;124;22682.100010000002;300;2022;5;4
2022-05-14 23:18:15.225659;127;24159.70001;313;2022;5;5
2022-05-15 23:18:15.225659;133;28237.0;314;2022;5;6
2022-05-16 23:18:15.225659;138;27443.3;355;2022;5;0
2022-05-17 23:18:15.225659;144;27620.90001;365;2022;5;1
2022-05-18 23:18:15.225659;136;26300.4;339;2022;5;2
2022-05-19 23:18:15.225659;133;28485.2;330;2022;5;3
2022-05-20 23:18:15.225659;127;21903.40001;318;2022;5;4
2022-05-21 23:18:15.225659;138;29420.5;335;2022;5;5
2022-05-22 23:18:15.225659;148;25911.8;352;2022;5;6
2022-05-23 23:18:15.225659;128;24942.5;311;2022;5;0
2022-05-24 23:18:15.225659;136;25361.5;323;2022;5;1
2022-05-25 23:18:15.225659;127;26427.6;321;2022;5;2
2022-05-26 23:18:15.225659;140;30906.600010000002;365;2022;5;3
2022-05-27 23:18:15.225659;130;24376.10002;315;2022;5;4
2022-05-28 23:18:15.225659;155;34205.0;389;2022;5;5
2022-05-29 23:18:15.225659;156;33393.9;375;2022;5;6
2022-05-30 23:18:15.225659;133;28130.8;349;2022;5;0
2022-05-31 23:18:15.225659;117;20897.2;290;2022;5;1
2022-06-01 23:18:15.225659;129;23218.9;304;2022;6;2
2022-06-02 23:18:15.225659;120;22739.7;306;2022;6;3
2022-06-03 23:18:15.225659;142;25413.9;330;2022;6;4
2022-06-04 23:18:15.225659;144;30977.7;374;2022;6;5
2022-06-05 23:18:15.225659;149;30319.20001;370;2022;6;6
2022-06-06 23:18:15.225659;141;26472.70001;348;2022;6;0
2022-06-07 23:18:15.225659;117;22015.5;301;2022;6;1
2022-06-08 23:18:15.225659;146;29324.2;395;2022;6;2
2022-06-09 23:18:15.225659;139;27447.0;340;2022;6;3
2022-06-10 23:18:15.225659;114;21555.0;267;2022;6;4
2022-06-11 23:18:15.225659;125;25935.100010000002;344;2022;6;5
2022-06-12 23:18:15.225659;133;29460.3;326;2022;6;6
2022-06-13 23:18:15.225659;142;24324.100010000002;340;2022;6;0
2022-06-14 23:18:15.225659;131;25492.7;332;2022;6;1
2022-06-15 23:18:15.225659;136;26717.4;353;2022;6;2
2022-06-16 23:18:15.225659;136;28270.3;342;2022;6;3
2022-06-17 23:18:15.225659;135;27654.8;361;2022;6;4
2022-06-18 23:18:15.225659;141;30688.50001;352;2022;6;5
2022-06-19 23:18:15.225659;148;30659.40001;352;2022;6;6
2022-06-20 23:18:15.225659;126;25357.30002;303;2022;6;0
2022-06-21 23:18:15.225659;120;23727.00001;308;2022;6;1
2022-06-22 23:18:15.225659;150;32229.80001;394;2022;6;2
2022-06-23 23:18:15.225659;127;25141.4;307;2022;6;3
2022-06-24 23:18:15.225659;125;21986.6;309;2022;6;4
2022-06-25 23:18:15.225659;123;24639.40002;311;2022;6;5
2022-06-26 23:18:15.225659;122;26207.8;308;2022;6;6
2022-06-27 23:18:15.225659;155;27150.5;373;2022;6;0
2022-06-28 23:18:15.225659;118;24003.4;304;2022;6;1
2022-06-29 23:18:15.225659;126;25299.9;331;2022;6;2
2022-06-30 23:18:15.225659;136;27970.5;366;2022;6;3
2022-07-01 23:18:15.225659;131;27404.0;339;2022;7;4
2022-07-02 23:18:15.225659;137;25951.8;343;2022;7;5
2022-07-03 23:18:15.225659;149;27750.3;350;2022;7;6
2022-07-04 23:18:15.225659;140;34218.1;351;2022;7;0
2022-07-05 23:18:15.225659;131;31504.60001;339;2022;7;1
2022-07-06 23:18:15.225659;141;27587.7;350;2022;7;2
2022-07-07 23:18:15.225659;125;28548.8;331;2022;7;3
2022-07-08 23:18:15.225659;133;21720.9;309;2022;7;4
2022-07-09 23:18:15.225659;152;30313.80001;388;2022;7;5
2022-07-10 23:18:15.225659;146;29496.40001;382;2022;7;6
2022-07-11 23:18:15.225659;137;28164.4;327;2022;7;0
2022-07-12 23:18:15.225659;128;28334.3;326;2022;7;1
2022-07-13 23:18:15.225659;127;28253.5;322;2022;7;2
2022-07-14 23:18:15.225659;141;29643.00001;353;2022;7;3
2022-07-15 23:18:15.225659;140;29706.3;370;2022;7;4
2022-07-16 23:18:15.225659;152;30978.7;387;2022;7;5
2022-07-17 23:18:15.225659;123;23288.80001;305;2022;7;6
2022-07-18 23:18:15.225659;139;25103.9;323;2022;7;0
2022-07-19 23:18:15.225659;140;29675.100010000002;354;2022;7;1
2022-07-20 23:18:15.225659;125;27197.9;314;2022;7;2
2022-07-21 23:18:15.225659;126;24706.5;313;2022;7;3
2022-07-22 23:18:15.225659;107;18863.7;256;2022;7;4
2022-07-23 23:18:15.225659;143;29301.6;364;2022;7;5
2022-07-24 23:18:15.225659;162;29261.40001;400;2022;7;6
2022-07-25 23:18:15.225659;144;26781.2;350;2022;7;0
2022-07-26 23:18:15.225659;137;25753.7;336;2022;7;1
2022-07-27 23:18:15.225659;144;31456.1;375;2022;7;2
2022-07-28 23:18:15.225659;132;22276.1;306;2022;7;3
2022-07-29 23:18:15.225659;137;25380.7;334;2022;7;4
2022-07-30 23:18:15.225659;147;30849.5;375;2022;7;5
2022-07-31 23:18:15.225659;136;29049.7;361;2022;7;6
2022-08-01 23:18:15.225659;140;27773.0;349;2022;8;0
2022-08-02 23:18:15.225659;132;26129.3;331;2022;8;1
2022-08-03 23:18:15.225659;142;32339.3;348;2022;8;2
2022-08-04 23:18:15.225659;136;26806.6;350;2022;8;3
2022-08-05 23:18:15.225659;142;28312.40001;337;2022;8;4
2022-08-06 23:18:15.225659;134;28693.0;336;2022;8;5
2022-08-07 23:18:15.225659;142;27015.6;352;2022;8;6
2022-08-08 23:18:15.225659;135;29591.8;350;2022;8;0
2022-08-09 23:18:15.225659;131;26217.0;341;2022;8;1
2022-08-10 23:18:15.225659;140;27599.4;353;2022;8;2
2022-08-11 23:18:15.225659;136;25784.5;338;2022;8;3
2022-08-12 23:18:15.225659;135;25526.20001;309;2022;8;4
2022-08-13 23:18:15.225659;144;29202.3;348;2022;8;5
2022-08-14 23:18:15.225659;135;26935.1;319;2022;8;6
2022-08-15 23:18:15.225659;128;28265.9;333;2022;8;0
2022-08-16 23:18:15.225659;137;25963.7;328;2022;8;1
2022-08-17 23:18:15.225659;139;28749.80001;359;2022;8;2
2022-08-18 23:18:15.225659;158;32110.6;393;2022;8;3
2022-08-19 23:18:15.225659;151;30279.4;370;2022;8;4
2022-08-20 23:18:15.225659;124;28418.4;310;2022;8;5
2022-08-21 23:18:15.225659;135;27638.6;354;2022;8;6
2022-08-22 23:18:15.225659;138;24698.30001;323;2022;8;0
2022-08-23 23:18:15.225659;122;24140.90001;308;2022;8;1
2022-08-24 23:18:15.225659;139;26048.3;341;2022;8;2
2022-08-25 23:18:15.225659;152;28925.7;356;2022;8;3
2022-08-26 23:18:15.225659;125;25122.5;310;2022;8;4
2022-08-27 23:18:15.225659;162;30548.8;417;2022;8;5
2022-08-28 23:18:15.225659;144;28421.8;346;2022;8;6
2022-08-29 23:18:15.225659;124;22856.5;324;2022;8;0
2022-08-30 23:18:15.225659;135;26347.7;339;2022;8;1
2022-08-31 23:18:15.225659;134;25735.7;327;2022;8;2
2022-09-01 23:18:15.225659;144;30607.8;365;2022;9;3
2022-09-02 23:18:15.225659;138;26496.0;352;2022;9;4
2022-09-03 23:18:15.225659;134;25412.0;347;2022;9;5
2022-09-04 23:18:15.225659;165;31292.00001;400;2022;9;6
2022-09-05 23:18:15.225659;152;28514.4;371;2022;9;0
2022-09-06 23:18:15.225659;125;26504.1;323;2022;9;1
2022-09-07 23:18:15.225659;144;30198.1;384;2022;9;2
2022-09-08 23:18:15.225659;119;26085.80001;303;2022;9;3
2022-09-09 23:18:15.225659;110;23997.9;259;2022;9;4
2022-09-10 23:18:15.225659;133;29807.2;337;2022;9;5
2022-09-11 23:18:15.225659;128;28161.7;324;2022;9;6
2022-09-12 23:18:15.225659;146;29588.2;359;2022;9;0
2022-09-13 23:18:15.225659;145;29261.4;371;2022;9;1
2022-09-14 23:18:15.225659;141;29779.4;338;2022;9;2
2022-09-15 23:18:15.225659;129;27648.1;344;2022;9;3
2022-09-16 23:18:15.225659;134;22895.7;304;2022;9;4
2022-09-17 23:18:15.225659;146;29266.0;375;2022;9;5
2022-09-18 23:18:15.225659;121;25419.6;319;2022;9;6
2022-09-19 23:18:15.225659;128;26548.2;315;2022;9;0
2022-09-20 23:18:15.225659;146;29598.1;360;2022;9;1
2022-09-21 23:18:15.225659;136;28393.100000000002;339;2022;9;2
2022-09-22 23:18:15.225659;151;31184.100010000002;369;2022;9;3
2022-09-23 23:18:15.225659;128;23198.7;299;2022;9;4
2022-09-24 23:18:15.225659;134;28753.8;344;2022;9;5
2022-09-25 23:18:15.225659;131;24142.4;334;2022;9;6
2022-09-26 23:18:15.225659;134;25364.3;332;2022;9;0
2022-09-27 23:18:15.225659;143;26999.100010000002;353;2022;9;1
2022-09-28 23:18:15.225659;125;24972.2;317;2022;9;2
2022-09-29 23:18:15.225659;147;26515.90001;343;2022;9;3
2022-09-30 23:18:15.225659;133;26999.4;352;2022;9;4
2022-10-01 23:18:15.225659;155;30798.6;403;2022;10;5
2022-10-02 23:18:15.225659;142;31235.5;359;2022;10;6
2022-10-03 23:18:15.225659;157;32846.9;404;2022;10;0
2022-10-04 23:18:15.225659;125;27870.3;328;2022;10;1
2022-10-05 23:18:15.225659;135;25743.1;332;2022;10;2
2022-10-06 23:18:15.225659;128;29642.600010000002;341;2022;10;3
2022-10-07 23:18:15.225659;140;26098.6;357;2022;10;4
2022-10-08 23:18:15.225659;151;29540.30001;365;2022;10;5
2022-10-09 23:18:15.225659;133;28731.5;345;2022;10;6
2022-10-10 23:18:15.225659;147;32063.3;404;2022;10;0
2022-10-11 23:18:15.225659;135;26195.4;329;2022;10;1
2022-10-12 23:18:15.225659;128;25546.600010000002;297;2022;10;2
2022-10-13 23:18:15.225659;125;23465.2;312;2022;10;3
2022-10-14 23:18:15.225659;130;24346.6;317;2022;10;4
2022-10-15 23:18:15.225659;138;31993.9;368;2022;10;5
2022-10-16 23:18:15.225659;125;21026.40001;302;2022;10;6
2022-10-17 23:18:15.225659;128;25120.4;323;2022;10;0
2022-10-18 23:18:15.225659;139;29931.7;352;2022;10;1
2022-10-19 23:18:15.225659;137;30324.9;359;2022;10;2
2022-10-20 23:18:15.225659;137;27758.0;344;2022;10;3
2022-10-21 23:18:15.225659;140;27013.2;363;2022;10;4
2022-10-22 23:18:15.225659;157;29802.1;397;2022;10;5
2022-10-23 23:18:15.225659;132;23966.100010000002;331;2022;10;6
2022-10-24 23:18:15.225659;144;28018.6;363;2022;10;0
2022-10-25 23:18:15.225659;139;26561.8;361;2022;10;1
2022-10-26 23:18:15.225659;126;24261.4;304;2022;10;2
2022-10-27 23:18:15.225659;147;28351.3;362;2022;10;3
2022-10-28 23:18:15.225659;108;22260.6;273;2022;10;4
2022-10-29 23:18:15.225659;147;26287.3;363;2022;10;5
2022-10-30 23:18:15.225659;150;30887.0;386;2022;10;6
2022-10-31 23:18:15.225659;151;28995.4;374;2022;10;0
2022-11-01 23:18:15.225659;138;27675.5;354;2022;11;1
2022-11-02 23:18:15.225659;136;29412.50002;351;2022;11;2
2022-11-03 23:18:15.225659;129;26774.0;317;2022;11;3
2022-11-04 23:18:15.225659;139;26547.8;326;2022;11;4
2022-11-05 23:18:15.225659;147;28513.6;358;2022;11;5
2022-11-06 23:18:15.225659;148;28057.9;379;2022;11;6
2022-11-07 23:18:15.225659;150;28549.600010000002;386;2022;11;0
2022-11-08 23:18:15.225659;141;31149.5;365;2022;11;1
2022-11-09 23:18:15.225659;144;29019.9;365;2022;11;2
2022-11-10 23:18:15.225659;153;31561.5;379;2022;11;3
2022-11-11 23:18:15.225659;160;28126.7;383;2022;11;4
2022-11-12 23:18:15.225659;156;29211.6;382;2022;11;5
2022-11-13 23:18:15.225659;143;27203.9;348;2022;11;6
2022-11-14 23:18:15.225659;116;25287.90001;290;2022;11;0
2022-11-15 23:18:15.225659;127;27848.6;318;2022;11;1
2022-11-16 23:18:15.225659;128;27998.9;332;2022;11;2
2022-11-17 23:18:15.225659;132;26870.2;338;2022;11;3
2022-11-18 23:18:15.225659;144;30439.6;370;2022;11;4
2022-11-19 23:18:15.225659;151;28017.30001;374;2022;11;5
2022-11-20 23:18:15.225659;126;26061.4;328;2022;11;6
2022-11-21 23:18:15.225659;135;26569.4;332;2022;11;0
2022-11-22 23:18:15.225659;138;26897.2;351;2022;11;1
2022-11-23 23:18:15.225659;131;28230.0;325;2022;11;2
2022-11-24 23:18:15.225659;141;23447.3;309;2022;11;3
2022-11-25 23:18:15.225659;137;30178.0;366;2022;11;4
2022-11-26 23:18:15.225659;130;24865.8;336;2022;11;5
2022-11-27 23:18:15.225659;155;33669.9;395;2022;11;6
2022-11-28 23:18:15.225659;141;27860.80001;351;2022;11;0
2022-11-29 23:18:15.225659;141;26190.9;364;2022;11;1
2022-11-30 23:18:15.225659;129;24063.80001;321;2022;11;2
2022-12-01 23:18:15.225659;146;28004.0;359;2022;12;3
2022-12-02 23:18:15.225659;128;25763.6;309;2022;12;4
2022-12-03 23:18:15.225659;168;31857.20001;433;2022;12;5
2022-12-04 23:18:15.225659;128;24057.1;298;2022;12;6
2022-12-05 23:18:15.225659;170;32854.2;417;2022;12;0
2022-12-06 23:18:15.225659;142;31959.7;328;2022;12;1
2022-12-07 23:18:15.225659;126;25702.3;311;2022;12;2
2022-12-08 23:18:15.225659;123;29075.20001;312;2022;12;3
2022-12-09 23:18:15.225659;144;29803.4;364;2022;12;4
2022-12-10 23:18:15.225659;136;26660.1;320;2022;12;5
2022-12-11 23:18:15.225659;144;28801.7;336;2022;12;6
2022-12-12 23:18:15.225659;139;27394.1;351;2022;12;0
2022-12-13 23:18:15.225659;133;26081.7;329;2022;12;1
2022-12-14 23:18:15.225659;136;27552.9;353;2022;12;2
2022-12-15 23:18:15.225659;179;36672.30001;442;2022;12;3
2022-12-16 23:18:15.225659;130;26590.7;320;2022;12;4
2022-12-17 23:18:15.225659;131;23189.5;337;2022;12;5
2022-12-18 23:18:15.225659;148;30707.0;367;2022;12;6
2022-12-19 23:18:15.225659;130;26903.2;337;2022;12;0
2022-12-20 23:18:15.225659;143;28208.80001;359;2022;12;1
2022-12-21 23:18:15.225659;140;22496.3;336;2022;12;2
2022-12-22 23:18:15.225659;144;31739.3;354;2022;12;3
2022-12-23 23:18:15.225659;136;27265.0;325;2022;12;4
2022-12-24 23:18:15.225659;129;25829.5;342;2022;12;5
2022-12-25 23:18:15.225659;139;25710.7;326;2022;12;6
2022-12-26 23:18:15.225659;111;24833.2;301;2022;12;0
2022-12-27 23:18:15.225659;131;26950.70001;330;2022;12;1
2022-12-28 23:18:15.225659;133;26136.100000000002;329;2022;12;2
2022-12-29 23:18:15.225659;102;21989.50001;265;2022;12;3
2022-12-30 23:18:15.225659;135;30497.50001;340;2022;12;4
2022-12-31 23:18:15.225659;139;30067.1;345;2022;12;5
2023-01-01 23:18:15.225659;116;24063.4;283;2023;1;6
2023-01-02 23:18:15.225659;131;21729.80001;290;2023;1;0
2023-01-03 23:18:15.225659;142;28936.4;366;2023;1;1
2023-01-04 23:18:15.225659;137;27199.0;340;2023;1;2
2023-01-05 23:18:15.225659;143;26381.50001;343;2023;1;3
2023-01-06 23:18:15.225659;144;31989.00001;349;2023;1;4
2023-01-07 23:18:15.225659;143;27677.100000000002;344;2023;1;5
2023-01-08 23:18:15.225659;126;26195.0;324;2023;1;6
2023-01-09 23:18:15.225659;133;28952.7;362;2023;1;0
2023-01-10 23:18:15.225659;120;26525.20001;322;2023;1;1
2023-01-11 23:18:15.225659;135;28201.8;331;2023;1;2
2023-01-12 23:18:15.225659;139;26112.8;358;2023;1;3
2023-01-13 23:18:15.225659;125;21626.4;287;2023;1;4
2023-01-14 23:18:15.225659;148;30308.5;385;2023;1;5
2023-01-15 23:18:15.225659;169;31455.6;418;2023;1;6
2023-01-16 23:18:15.225659;156;28783.3;395;2023;1;0
2023-01-17 23:18:15.225659;138;25690.0;321;2023;1;1
2023-01-18 23:18:15.225659;141;28080.50001;357;2023;1;2
2023-01-19 23:18:15.225659;125;26412.5;307;2023;1;3
2023-01-20 23:18:15.225659;128;22171.600000000002;304;2023;1;4
2023-01-21 23:18:15.225659;127;28573.6;319;2023;1;5
2023-01-22 23:18:15.225659;133;28259.7;355;2023;1;6
2023-01-23 23:18:15.225659;114;25164.5;288;2023;1;0
2023-01-24 23:18:15.225659;117;23626.6;324;2023;1;1
2023-01-25 23:18:15.225659;134;25257.4;325;2023;1;2
2023-01-26 23:18:15.225659;134;27869.100010000002;333;2023;1;3
2023-01-27 23:18:15.225659;141;26893.9;354;2023;1;4
2023-01-28 23:18:15.225659;127;24576.9;312;2023;1;5
2023-01-29 23:18:15.225659;127;26356.2;321;2023;1;6
2023-01-30 23:18:15.225659;133;24277.80001;339;2023;1;0
2023-01-31 23:18:15.225659;130;25692.1;306;2023;1;1
2023-02-01 23:18:15.225659;153;29688.0;385;2023;2;2
2023-02-02 23:18:15.225659;143;28873.5;341;2023;2;3
2023-02-03 23:18:15.225659;152;27789.4;363;2023;2;4
2023-02-04 23:18:15.225659;129;27159.8;324;2023;2;5
2023-02-05 23:18:15.225659;152;27112.40001;355;2023;2;6
2023-02-06 23:18:15.225659;129;24612.6;321;2023;2;0
2023-02-07 23:18:15.225659;151;27202.4;372;2023;2;1
2023-02-08 23:18:15.225659;149;29248.1;364;2023;2;2
2023-02-09 23:18:15.225659;125;24757.0;305;2023;2;3
2023-02-10 23:18:15.225659;146;28214.600010000002;376;2023;2;4
2023-02-11 23:18:15.225659;156;33061.8;401;2023;2;5
2023-02-12 23:18:15.225659;128;22159.0;322;2023;2;6
2023-02-13 23:18:15.225659;123;26173.4;320;2023;2;0
2023-02-14 23:18:15.225659;138;28326.6;344;2023;2;1
2023-02-15 23:18:15.225659;131;24695.5;322;2023;2;2
2023-02-16 23:18:15.225659;116;19941.7;287;2023;2;3
2023-02-17 23:18:15.225659;145;25765.70001;368;2023;2;4
2023-02-18 23:18:15.225659;159;27278.0;373;2023;2;5
2023-02-19 23:18:15.225659;132;28031.4;359;2023;2;6
2023-02-20 23:18:15.225659;128;26399.30001;315;2023;2;0
2023-02-21 23:18:15.225659;123;23521.6;313;2023;2;1
2023-02-22 23:18:15.225659;140;26947.4;349;2023;2;2
2023-02-23 23:18:15.225659;145;26541.7;348;2023;2;3
2023-02-24 23:18:15.225659;137;26170.1;334;2023;2;4
2023-02-25 23:18:15.225659;160;30708.1;395;2023;2;5
2023-02-26 23:18:15.225659;112;22848.10001;271;2023;2;6
2023-02-27 23:18:15.225659;152;27461.4;385;2023;2;0
2023-02-28 23:18:15.225659;135;25728.70001;327;2023;2;1
2023-03-01 23:18:15.225659;135;26071.6;329;2023;3;2
2023-03-02 23:18:15.225659;151;30922.4;361;2023;3;3
2023-03-03 23:18:15.225659;147;26180.5;342;2023;3;4
2023-03-04 23:18:15.225659;152;31602.2;396;2023;3;5
2023-03-05 23:18:15.225659;124;25620.3;318;2023;3;6
2023-03-06 23:18:15.225659;127;24495.600019999998;307;2023;3;0
2023-03-07 23:18:15.225659;119;22070.6;285;2023;3;1
2023-03-08 23:18:15.225659;135;26770.9;334;2023;3;2
2023-03-09 23:18:15.225659;126;22492.6;314;2023;3;3
2023-03-10 23:18:15.225659;146;26950.5;378;2023;3;4
2023-03-11 23:18:15.225659;148;30712.100000000002;382;2023;3;5
2023-03-12 23:18:15.225659;145;27728.1;338;2023;3;6
2023-03-13 23:18:15.225659;139;27771.7;333;2023;3;0
2023-03-14 23:18:15.225659;147;28543.7;355;2023;3;1
2023-03-15 23:18:15.225659;147;31062.9;375;2023;3;2
2023-03-16 23:18:15.225659;142;28230.5;358;2023;3;3
2023-03-17 23:18:15.225659;149;29508.2;383;2023;3;4
2023-03-18 23:18:15.225659;132;29957.0;344;2023;3;5
2023-03-19 23:18:15.225659;146;30733.4;367;2023;3;6
2023-03-20 23:18:15.225659;141;28244.5;335;2023;3;0
2023-03-21 23:18:15.225659;158;33698.8;424;2023;3;1
2023-03-22 23:18:15.225659;150;32439.0;395;2023;3;2
2023-03-23 23:18:15.225659;128;30404.9;345;2023;3;3
2023-03-24 23:18:15.225659;134;29688.20001;342;2023;3;4
2023-03-25 23:18:15.225659;138;25427.30001;341;2023;3;5
2023-03-26 23:18:15.225659;162;30649.6;412;2023;3;6
2023-03-27 23:18:15.225659;131;31402.2;352;2023;3;0
2023-03-28 23:18:15.225659;165;32334.0;417;2023;3;1
2023-03-29 23:18:15.225659;137;28221.1;341;2023;3;2
2023-03-30 23:18:15.225659;139;26568.5;335;2023;3;3
2023-03-31 23:18:15.225659;109;21678.9;264;2023;3;4
2023-04-01 23:18:15.225659;136;25669.2;340;2023;4;5
2023-04-02 23:18:15.225659;150;26410.2;334;2023;4;6
2023-04-03 23:18:15.225659;174;35177.1;424;2023;4;0
2023-04-04 23:18:15.225659;133;25378.6;323;2023;4;1
2023-04-05 23:18:15.225659;114;22683.9;291;2023;4;2
2023-04-06 23:18:15.225659;130;24003.5;314;2023;4;3
2023-04-07 23:18:15.225659;139;28387.8;359;2023;4;4
2023-04-08 23:18:15.225659;147;29071.20001;371;2023;4;5
2023-04-09 23:18:15.225659;123;25628.3;319;2023;4;6
2023-04-10 23:18:15.225659;138;29810.3;358;2023;4;0
2023-04-11 23:18:15.225659;136;24577.5;329;2023;4;1
2023-04-12 23:18:15.225659;163;31572.5;418;2023;4;2
2023-04-13 23:18:15.225659;129;26742.8;342;2023;4;3
2023-04-14 23:18:15.225659;148;29571.100010000002;374;2023;4;4
2023-04-15 23:18:15.225659;136;28103.3;367;2023;4;5
2023-04-16 23:18:15.225659;149;27727.60001;379;2023;4;6
2023-04-17 23:18:15.225659;143;30003.0;361;2023;4;0
2023-04-18 23:18:15.225659;148;26576.4;356;2023;4;1
2023-04-19 23:18:15.225659;144;25851.4;342;2023;4;2
2023-04-20 23:18:15.225659;145;29738.6;360;2023;4;3
2023-04-21 23:18:15.225659;143;28161.2;343;2023;4;4
2023-04-22 23:18:15.225659;126;30195.30001;327;2023;4;5
2023-04-23 23:18:15.225659;142;28382.30001;364;2023;4;6
2023-04-24 23:18:15.225659;133;28036.2;349;2023;4;0
2023-04-25 23:18:15.225659;153;32767.4;398;2023;4;1
2023-04-26 23:18:15.225659;146;27942.8;371;2023;4;2
2023-04-27 23:18:15.225659;139;28379.20001;364;2023;4;3
2023-04-28 23:18:15.225659;121;23727.5;294;2023;4;4
2023-04-29 23:18:15.225659;135;25573.0;328;2023;4;5
2023-04-30 23:18:15.225659;125;31216.9;337;2023;4;6
2023-05-01 23:18:15.225659;130;29002.8;336;2023;5;0
2023-05-02 23:18:15.225659;157;30744.8;402;2023;5;1
2023-05-03 23:18:15.225659;159;30634.7;403;2023;5;2
2023-05-04 23:18:15.225659;151;31055.0;372;2023;5;3
2023-05-05 23:18:15.225659;141;28032.0;341;2023;5;4
2023-05-06 23:18:15.225659;148;28184.6;366;2023;5;5
2023-05-07 23:18:15.225659;138;30627.4;352;2023;5;6
2023-05-08 23:18:15.225659;137;22896.30001;314;2023;5;0
2023-05-09 23:18:15.225659;134;27860.80003;343;2023;5;1
2023-05-10 23:18:15.225659;144;30613.600010000002;367;2023;5;2
2023-05-11 23:18:15.225659;138;26288.8;333;2023;5;3
2023-05-12 23:18:15.225659;149;26007.8;383;2023;5;4
2023-05-13 23:18:15.225659;141;26983.5;343;2023;5;5
2023-05-14 23:18:15.225659;136;25541.0;341;2023;5;6
2023-05-15 23:18:15.225659;136;26325.5;325;2023;5;0
2023-05-16 23:18:15.225659;152;31071.5;378;2023;5;1
2023-05-17 23:18:15.225659;145;26439.1;362;2023;5;2
2023-05-18 23:18:15.225659;153;28037.2;378;2023;5;3
2023-05-19 23:18:15.225659;144;26145.5;344;2023;5;4
2023-05-20 23:18:15.225659;152;31391.30001;397;2023;5;5
2023-05-21 23:18:15.225659;137;26837.7;347;2023;5;6
2023-05-22 23:18:15.225659;125;24821.9;328;2023;5;0
2023-05-23 23:18:15.225659;139;27673.7;322;2023;5;1
2023-05-24 23:18:15.225659;166;30908.600000000002;409;2023;5;2
2023-05-25 23:18:15.225659;140;25484.8;341;2023;5;3
2023-05-26 23:18:15.225659;130;24352.0;326;2023;5;4
2023-05-27 23:18:15.225659;154;28347.6;365;2023;5;5
2023-05-28 23:18:15.225659;138;32643.7;351;2023;5;6
2023-05-29 23:18:15.225659;124;23589.30001;299;2023;5;0
2023-05-30 23:18:15.225659;141;26872.7;353;2023;5;1
2023-05-31 23:18:15.225659;150;27811.70001;367;2023;5;2
2023-06-01 23:18:15.225659;135;29976.7;346;2023;6;3
2023-06-02 23:18:15.225659;142;25972.9;352;2023;6;4
2023-06-03 23:18:15.225659;148;27505.2;358;2023;6;5
2023-06-04 23:18:15.225659;153;33307.1;410;2023;6;6
2023-06-05 23:18:15.225659;119;21982.0;296;2023;6;0
2023-06-06 23:18:15.225659;132;26355.9;330;2023;6;1
2023-06-07 23:18:15.225659;145;27055.9;360;2023;6;2
2023-06-08 23:18:15.225659;113;23556.9;281;2023;6;3
2023-06-09 23:18:15.225659;126;23549.9;303;2023;6;4
2023-06-10 23:18:15.225659;154;29888.9;390;2023;6;5
2023-06-11 23:18:15.225659;134;27829.4;339;2023;6;6
2023-06-12 23:18:15.225659;143;26077.80001;360;2023;6;0
2023-06-13 23:18:15.225659;130;28101.4;335;2023;6;1
2023-06-14 23:18:15.225659;126;21669.50001;301;2023;6;2
2023-06-15 23:18:15.225659;152;28117.1;360;2023;6;3
2023-06-16 23:18:15.225659;135;26154.1;333;2023;6;4
2023-06-17 23:18:15.225659;122;25334.9;321;2023;6;5
2023-06-18 23:18:15.225659;152;32402.90001;358;2023;6;6
2023-06-19 23:18:15.225659;124;23688.40001;310;2023;6;0
2023-06-20 23:18:15.225659;124;24036.3;298;2023;6;1
2023-06-21 23:18:15.225659;137;26927.2;342;2023;6;2
2023-06-22 23:18:15.225659;127;25473.1;339;2023;6;3
2023-06-23 23:18:15.225659;145;31877.5;379;2023;6;4
2023-06-24 23:18:15.225659;117;26191.50001;299;2023;6;5
2023-06-25 23:18:15.225659;129;27509.5;326;2023;6;6
2023-06-26 23:18:15.225659;138;31876.5;353;2023;6;0
2023-06-27 23:18:15.225659;134;27396.60001;313;2023;6;1
2023-06-28 23:18:15.225659;145;29193.9;370;2023;6;2
2023-06-29 23:18:15.225659;135;28483.7;351;2023;6;3
2023-06-30 23:18:15.225659;126;22412.8;290;2023;6;4
2023-07-01 23:18:15.225659;133;26465.7;332;2023;7;5
2023-07-02 23:18:15.225659;114;22518.4;257;2023;7;6
2023-07-03 23:18:15.225659;151;31961.70001;402;2023;7;0
2023-07-04 23:18:15.225659;152;33013.6;383;2023;7;1
2023-07-05 23:18:15.225659;141;25617.1;333;2023;7;2
2023-07-06 23:18:15.225659;131;26833.60003;330;2023;7;3
2023-07-07 23:18:15.225659;132;23218.8;306;2023;7;4
2023-07-08 23:18:15.225659;138;27399.1;344;2023;7;5
2023-07-09 23:18:15.225659;143;29610.2;356;2023;7;6
2023-07-10 23:18:15.225659;124;25887.6;323;2023;7;0
2023-07-11 23:18:15.225659;122;25858.6;303;2023;7;1
2023-07-12 23:18:15.225659;141;26556.60001;344;2023;7;2
2023-07-13 23:18:15.225659;134;28907.1;348;2023;7;3
2023-07-14 23:18:15.225659;126;25656.90001;301;2023;7;4
2023-07-15 23:18:15.225659;143;29397.7;347;2023;7;5
2023-07-16 23:18:15.225659;144;33323.6;377;2023;7;6
2023-07-17 23:18:15.225659;129;28545.7;330;2023;7;0
2023-07-18 23:18:15.225659;144;27024.8;343;2023;7;1
2023-07-19 23:18:15.225659;152;34134.30001;398;2023;7;2
2023-07-20 23:18:15.225659;133;24546.9;345;2023;7;3
2023-07-21 23:18:15.225659;126;26218.600000000002;326;2023;7;4
2023-07-22 23:18:15.225659;127;25436.70001;316;2023;7;5
2023-07-23 23:18:15.225659;142;28450.0;359;2023;7;6
2023-07-24 23:18:15.225659;129;24496.7;322;2023;7;0
2023-07-25 23:18:15.225659;173;31986.8;426;2023;7;1
2023-07-26 23:18:15.225659;154;29671.9;370;2023;7;2
2023-07-27 23:18:15.225659;141;27741.3;361;2023;7;3
2023-07-28 23:18:15.225659;148;27060.8;366;2023;7;4
2023-07-29 23:18:15.225659;146;25837.5;362;2023;7;5
2023-07-30 23:18:15.225659;133;29147.90001;346;2023;7;6
2023-07-31 23:18:15.225659;146;29567.9;389;2023;7;0
2023-08-01 23:18:15.225659;134;28918.5;335;2023;8;1
2023-08-02 23:18:15.225659;123;27719.2;312;2023;8;2
2023-08-03 23:18:15.225659;142;26096.4;351;2023;8;3
2023-08-04 23:18:15.225659;132;24876.3;316;2023;8;4
2023-08-05 23:18:15.225659;112;22872.2;280;2023;8;5
2023-08-06 23:18:15.225659;139;28748.1;365;2023;8;6
2023-08-07 23:18:15.225659;132;24303.30001;317;2023;8;0
2023-08-08 23:18:15.225659;147;30312.1;372;2023;8;1
2023-08-09 23:18:15.225659;149;29427.6;374;2023;8;2
2023-08-10 23:18:15.225659;121;26937.6;335;2023;8;3
2023-08-11 23:18:15.225659;163;33982.9;419;2023;8;4
2023-08-12 23:18:15.225659;132;25236.9;318;2023;8;5
2023-08-13 23:18:15.225659;147;29253.7;374;2023;8;6
2023-08-14 23:18:15.225659;121;23501.20001;311;2023;8;0
2023-08-15 23:18:15.225659;130;24580.4;321;2023;8;1
2023-08-16 23:18:15.225659;128;24228.40001;300;2023;8;2
2023-08-17 23:18:15.225659;139;24631.0;332;2023;8;3
2023-08-18 23:18:15.225659;123;23539.5;302;2023;8;4
2023-08-19 23:18:15.225659;137;26912.4;347;2023;8;5
2023-08-20 23:18:15.225659;147;31691.5;383;2023;8;6
2023-08-21 23:18:15.225659;133;22183.2;319;2023;8;0
2023-08-22 23:18:15.225659;136;28870.20001;342;2023;8;1
2023-08-23 23:18:15.225659;163;31407.70001;392;2023;8;2
2023-08-24 23:18:15.225659;136;24110.4;327;2023;8;3
2023-08-25 23:18:15.225659;142;27006.3;355;2023;8;4
2023-08-26 23:18:15.225659;149;33400.20001;371;2023;8;5
2023-08-27 23:18:15.225659;139;27768.0;335;2023;8;6
2023-08-28 23:18:15.225659;144;27855.8;360;2023;8;0
2023-08-29 23:18:15.225659;134;28566.7;360;2023;8;1
2023-08-30 23:18:15.225659;154;36152.9;402;2023;8;2
2023-08-31 23:18:15.225659;135;27996.9;329;2023;8;3
2023-09-01 23:18:15.225659;125;23901.1;311;2023;9;4
2023-09-02 23:18:15.225659;126;24299.90001;316;2023;9;5
2023-09-03 23:18:15.225659;134;28843.0;334;2023;9;6
2023-09-04 23:18:15.225659;134;25120.4;344;2023;9;0
2023-09-05 23:18:15.225659;136;27888.4;338;2023;9;1
2023-09-06 23:18:15.225659;125;23650.0;315;2023;9;2
2023-09-07 23:18:15.225659;132;26194.2;342;2023;9;3
2023-09-08 23:18:15.225659;112;21685.8;285;2023;9;4
2023-09-09 23:18:15.225659;144;29163.4;391;2023;9;5
2023-09-10 23:18:15.225659;128;24219.4;317;2023;9;6
2023-09-11 23:18:15.225659;125;23787.7;304;2023;9;0
2023-09-12 23:18:15.225659;125;24938.9;330;2023;9;1
2023-09-13 23:18:15.225659;132;27949.9;319;2023;9;2
2023-09-14 23:18:15.225659;142;29982.0;357;2023;9;3
2023-09-15 23:18:15.225659;139;28200.6;347;2023;9;4
2023-09-16 23:18:15.225659;148;31386.0;363;2023;9;5
2023-09-17 23:18:15.225659;144;30322.90001;372;2023;9;6
2023-09-18 23:18:15.225659;138;26510.2;333;2023;9;0
2023-09-19 23:18:15.225659;133;27060.2;301;2023;9;1
2023-09-20 23:18:15.225659;140;31598.0;370;2023;9;2
2023-09-21 23:18:15.225659;144;28530.4;371;2023;9;3
2023-09-22 23:18:15.225659;159;32758.100000000002;406;2023;9;4
2023-09-23 23:18:15.225659;139;28519.9;333;2023;9;5
2023-09-24 23:18:15.225659;129;22232.8;307;2023;9;6
2023-09-25 23:18:15.225659;148;32564.70001;391;2023;9;0
2023-09-26 23:18:15.225659;136;24770.80001;335;2023;9;1
2023-09-27 23:18:15.225659;149;28181.20001;373;2023;9;2
2023-09-28 23:18:15.225659;130;25788.80001;326;2023;9;3
2023-09-29 23:18:15.225659;141;28108.5;358;2023;9;4
2023-09-30 23:18:15.225659;131;27038.0;340;2023;9;5
2023-10-01 23:18:15.225659;140;29170.60001;340;2023;10;6
2023-10-02 23:18:15.225659;147;27084.7;342;2023;10;0
2023-10-03 23:18:15.225659;146;31181.600000000002;400;2023;10;1
2023-10-04 23:18:15.225659;119;22464.40001;303;2023;10;2
2023-10-05 23:18:15.225659;160;29675.00001;403;2023;10;3
2023-10-06 23:18:15.225659;144;29427.50001;357;2023;10;4
2023-10-07 23:18:15.225659;120;23721.4;298;2023;10;5
2023-10-08 23:18:15.225659;127;22480.7;326;2023;10;6
2023-10-09 23:18:15.225659;150;30928.600000000002;370;2023;10;0
2023-10-10 23:18:15.225659;144;28076.2;368;2023;10;1
2023-10-11 23:18:15.225659;161;31986.8;405;2023;10;2
2023-10-12 23:18:15.225659;148;28263.600010000002;370;2023;10;3
2023-10-13 23:18:15.225659;137;26806.0;354;2023;10;4
2023-10-14 23:18:15.225659;135;24484.9;306;2023;10;5
2023-10-15 23:18:15.225659;123;23713.70001;293;2023;10;6
2023-10-16 23:18:15.225659;129;25953.3;307;2023;10;0
2023-10-17 23:18:15.225659;133;23584.1;339;2023;10;1
2023-10-18 23:18:15.225659;117;21429.30001;282;2023;10;2
2023-10-19 23:18:15.225659;138;30805.1;338;2023;10;3
2023-10-20 23:18:15.225659;143;28663.8;350;2023;10;4
2023-10-21 23:18:15.225659;140;29065.1;359;2023;10;5
2023-10-22 23:18:15.225659;150;32140.7;403;2023;10;6
2023-10-23 23:18:15.225659;148;30671.6;369;2023;10;0
2023-10-24 23:18:15.225659;142;29084.30001;373;2023;10;1
2023-10-25 23:18:15.225659;116;21346.8;296;2023;10;2
2023-10-26 23:18:15.225659;166;35581.10001;425;2023;10;3
2023-10-27 23:18:15.225659;142;29856.0;367;2023;10;4
2023-10-28 23:18:15.225659;151;32113.5;401;2023;10;5
2023-10-29 23:18:15.225659;125;23748.3;294;2023;10;6
2023-10-30 23:18:15.225659;142;31374.70001;372;2023;10;0
2023-10-31 23:18:15.225659;138;26932.3;361;2023;10;1
2023-11-01 23:18:15.225659;141;24870.1;342;2023;11;2
2023-11-02 23:18:15.225659;162;33240.6;406;2023;11;3
2023-11-03 23:18:15.225659;145;30289.0;357;2023;11;4
2023-11-04 23:18:15.225659;128;25160.0;321;2023;11;5
2023-11-05 23:18:15.225659;134;24624.9;327;2023;11;6
2023-11-06 23:18:15.225659;138;27359.1;356;2023;11;0
2023-11-07 23:18:15.225659;121;24931.0;315;2023;11;1
2023-11-08 23:18:15.225659;137;25767.7;351;2023;11;2
2023-11-09 23:18:15.225659;118;22377.7;290;2023;11;3
2023-11-10 23:18:15.225659;129;25816.4;342;2023;11;4
2023-11-11 23:18:15.225659;140;26662.8;356;2023;11;5
2023-11-12 23:18:15.225659;148;28330.00001;350;2023;11;6
2023-11-13 23:18:15.225659;149;30327.0;371;2023;11;0
2023-11-14 23:18:15.225659;132;26377.50002;343;2023;11;1
2023-11-15 23:18:15.225659;129;27673.10001;308;2023;11;2
2023-11-16 23:18:15.225659;131;25059.40001;342;2023;11;3
2023-11-17 23:18:15.225659;132;26419.0;349;2023;11;4
2023-11-18 23:18:15.225659;124;23331.2;297;2023;11;5
2023-11-19 23:18:15.225659;129;23632.8;292;2023;11;6
2023-11-20 23:18:15.225659;132;27074.7;331;2023;11;0
2023-11-21 23:18:15.225659;136;27986.7;355;2023;11;1
2023-11-22 23:18:15.225659;124;21573.3;302;2023;11;2
2023-11-23 23:18:15.225659;119;25745.8;294;2023;11;3
2023-11-24 23:18:15.225659;132;24967.5;298;2023;11;4
2023-11-25 23:18:15.225659;132;25193.1;344;2023;11;5
2023-11-26 23:18:15.225659;144;26716.7;351;2023;11;6
2023-11-27 23:18:15.225659;126;27960.5;333;2023;11;0
2023-11-28 23:18:15.225659;128;24754.0;320;2023;11;1
2023-11-29 23:18:15.225659;152;27798.8;354;2023;11;2
2023-11-30 23:18:15.225659;145;26293.0;352;2023;11;3
2023-12-01 23:18:15.225659;132;30331.2;357;2023;12;4
2023-12-02 23:18:15.225659;123;22920.2;311;2023;12;5
2023-12-03 23:18:15.225659;134;24778.600010000002;327;2023;12;6
2023-12-04 23:18:15.225659;120;24316.9;297;2023;12;0
2023-12-05 23:18:15.225659;137;25313.8;326;2023;12;1
2023-12-06 23:18:15.225659;144;26554.4;369;2023;12;2
2023-12-07 23:18:15.225659;133;28442.3;325;2023;12;3
2023-12-08 23:18:15.225659;127;26295.100010000002;333;2023;12;4
2023-12-09 23:18:15.225659;143;29718.80001;327;2023;12;5
2023-12-10 23:18:15.225659;126;25217.5;322;2023;12;6
2023-12-11 23:18:15.225659;140;27714.40001;342;2023;12;0
2023-12-12 23:18:15.225659;129;27585.7;319;2023;12;1
2023-12-13 23:18:15.225659;133;26575.8;331;2023;12;2
2023-12-14 23:18:15.225659;138;28530.3;365;2023;12;3
2023-12-15 23:18:15.225659;144;28165.2;355;2023;12;4
2023-12-16 23:18:15.225659;157;30563.6;376;2023;12;5
2023-12-17 23:18:15.225659;130;28363.2;352;2023;12;6
2023-12-18 23:18:15.225659;144;25152.7;354;2023;12;0
2023-12-19 23:18:15.225659;148;33757.8;381;2023;12;1
2023-12-20 23:18:15.225659;133;27015.90002;319;2023;12;2
2023-12-21 23:18:15.225659;122;22901.0;305;2023;12;3
2023-12-22 23:18:15.225659;125;25331.4;327;2023;12;4
2023-12-23 23:18:15.225659;130;25827.7;333;2023;12;5
2023-12-24 23:18:15.225659;134;26747.1;304;2023;12;6
2023-12-25 23:18:15.225659;132;27124.8;326;2023;12;0
2023-12-26 23:18:15.225659;124;24324.1;299;2023;12;1
2023-12-27 23:18:15.225659;134;27628.2;342;2023;12;2
2023-12-28 23:18:15.225659;134;29658.7;366;2023;12;3
2023-12-29 23:18:15.225659;123;25704.1;285;2023;12;4
2023-12-30 23:18:15.225659;129;23581.7;321;2023;12;5
2023-12-31 23:18:15.225659;130;24994.0;341;2023;12;6
2024-01-01 23:18:15.225659;156;32027.00001;407;2024;1;0
2024-01-02 23:18:15.225659;130;23353.7;307;2024;1;1
2024-01-03 23:18:15.225659;149;32483.2;370;2024;1;2
2024-01-04 23:18:15.225659;130;27425.2;326;2024;1;3
2024-01-05 23:18:15.225659;116;23751.6;284;2024;1;4
2024-01-06 23:18:15.225659;135;27906.9;337;2024;1;5
2024-01-07 23:18:15.225659;134;27425.9;347;2024;1;6
2024-01-08 23:18:15.225659;125;25801.100010000002;319;2024;1;0
2024-01-09 23:18:15.225659;168;33601.2;432;2024;1;1
2024-01-10 23:18:15.225659;144;25845.40001;348;2024;1;2
2024-01-11 23:18:15.225659;108;19014.8;255;2024;1;3
2024-01-12 23:18:15.225659;151;28152.2;363;2024;1;4
2024-01-13 23:18:15.225659;135;28410.90001;337;2024;1;5
2024-01-14 23:18:15.225659;127;23668.70001;310;2024;1;6
2024-01-15 23:18:15.225659;132;29052.7;348;2024;1;0
2024-01-16 23:18:15.225659;149;31670.3;380;2024;1;1
2024-01-17 23:18:15.225659;137;27408.1;357;2024;1;2
2024-01-18 23:18:15.225659;140;30630.7;365;2024;1;3
2024-01-19 23:18:15.225659;143;28698.100000000002;348;2024;1;4
2024-01-20 23:18:15.225659;133;24767.1;306;2024;1;5
2024-01-21 23:18:15.225659;143;29186.7;358;2024;1;6
2024-01-22 23:18:15.225659;148;30325.3;389;2024;1;0
2024-01-23 23:18:15.225659;122;21931.8;303;2024;1;1
2024-01-24 23:18:15.225659;122;23767.7;312;2024;1;2
2024-01-25 23:18:15.225659;157;30792.1;381;2024;1;3
2024-01-26 23:18:15.225659;122;24595.7;303;2024;1;4
2024-01-27 23:18:15.225659;121;23573.3;296;2024;1;5
2024-01-28 23:18:15.225659;121;23637.9;325;2024;1;6
2024-01-29 23:18:15.225659;154;28618.1;390;2024;1;0
2024-01-30 23:18:15.225659;135;26849.7;330;2024;1;1
2024-01-31 23:18:15.225659;121;22472.20001;297;2024;1;2
2024-02-01 23:18:15.225659;131;28721.7;346;2024;2;3
2024-02-02 23:18:15.225659;147;27740.6;360;2024;2;4
2024-02-03 23:18:15.225659;149;33623.0;379;2024;2;5
2024-02-04 23:18:15.225659;151;27807.4;373;2024;2;6
2024-02-05 23:18:15.225659;141;27431.600000000002;336;2024;2;0
2024-02-06 23:18:15.225659;146;31939.00001;373;2024;2;1
2024-02-07 23:18:15.225659;152;27092.5;369;2024;2;2
2024-02-08 23:18:15.225659;112;22601.80001;271;2024;2;3
2024-02-09 23:18:15.225659;138;24414.100000000002;346;2024;2;4
2024-02-10 23:18:15.225659;148;28134.4;361;2024;2;5
2024-02-11 23:18:15.225659;138;28015.3;333;2024;2;6
2024-02-12 23:18:15.225659;138;27058.3;334;2024;2;0
2024-02-13 23:18:15.225659;129;23251.2;313;2024;2;1
2024-02-14 23:18:15.225659;134;29363.2;337;2024;2;2
2024-02-15 23:18:15.225659;130;28984.20001;335;2024;2;3
2024-02-16 23:18:15.225659;126;24227.5;301;2024;2;4
2024-02-17 23:18:15.225659;144;29610.7;357;2024;2;5
2024-02-18 23:18:15.225659;155;29056.4;364;2024;2;6
2024-02-19 23:18:15.225659;126;23975.0;317;2024;2;0
2024-02-20 23:18:15.225659;137;28728.3;326;2024;2;1
2024-02-21 23:18:15.225659;123;24810.3;303;2024;2;2
2024-02-22 23:18:15.225659;157;31825.50001;408;2024;2;3
2024-02-23 23:18:15.225659;156;33170.0;398;2024;2;4
2024-02-24 23:18:15.225659;165;32525.20001;405;2024;2;5
2024-02-25 23:18:15.225659;146;31670.5;361;2024;2;6
2024-02-26 23:18:15.225659;141;28767.4;348;2024;2;0
2024-02-27 23:18:15.225659;122;24831.80001;305;2024;2;1
2024-02-28 23:18:15.225659;130;29589.2;334;2024;2;2
2024-02-29 23:18:15.225659;132;22881.6;322;2024;2;3
2024-03-01 23:18:15.225659;134;27251.3;339;2024;3;4
2024-03-02 23:18:15.225659;148;33696.6;387;2024;3;5
2024-03-03 23:18:15.225659;144;28239.40001;359;2024;3;6
2024-03-04 23:18:15.225659;131;28909.00001;359;2024;3;0
2024-03-05 23:18:15.225659;138;30478.50001;364;2024;3;1
2024-03-06 23:18:15.225659;136;28361.5;339;2024;3;2
2024-03-07 23:18:15.225659;143;28735.5;361;2024;3;3
2024-03-08 23:18:15.225659;147;26712.7;372;2024;3;4
2024-03-09 23:18:15.225659;123;23221.3;307;2024;3;5
2024-03-10 23:18:15.225659;145;31131.1;363;2024;3;6
2024-03-11 23:18:15.225659;132;27711.0;344;2024;3;0
2024-03-12 23:18:15.225659;142;25606.3;363;2024;3;1
2024-03-13 23:18:15.225659;120;26363.600010000002;313;2024;3;2
2024-03-14 23:18:15.225659;143;30024.7;371;2024;3;3
2024-03-15 23:18:15.225659;138;28850.100000000002;336;2024;3;4
2024-03-16 23:18:15.225659;141;27245.4;337;2024;3;5
2024-03-17 23:18:15.225659;129;26116.4;319;2024;3;6
2024-03-18 23:18:15.225659;125;26032.1;320;2024;3;0
2024-03-19 23:18:15.225659;135;29217.5;349;2024;3;1
2024-03-20 23:18:15.225659;113;25089.9;302;2024;3;2
2024-03-21 23:18:15.225659;130;26080.7;318;2024;3;3
2024-03-22 23:18:15.225659;125;21967.5;286;2024;3;4
2024-03-23 23:18:15.225659;159;28624.9;372;2024;3;5
2024-03-24 23:18:15.225659;157;28234.7;409;2024;3;6
2024-03-25 23:18:15.225659;136;26907.100000000002;320;2024;3;0
2024-03-26 23:18:15.225659;118;23857.1;298;2024;3;1
2024-03-27 23:18:15.225659;151;33395.1;389;2024;3;2
2024-03-28 23:18:15.225659;150;28142.5;364;2024;3;3
2024-03-29 23:18:15.225659;118;21888.8;299;2024;3;4
2024-03-30 23:18:15.225659;144;28994.60001;358;2024;3;5
2024-03-31 23:18:15.225659;138;27309.40001;354;2024;3;6
2024-04-01 23:18:15.225659;147;29532.1;358;2024;4;0
2024-04-02 23:18:15.225659;161;35175.3;405;2024;4;1
2024-04-03 23:18:15.225659;164;31122.00001;393;2024;4;2
2024-04-04 23:18:15.225659;147;30981.8;364;2024;4;3
2024-04-05 23:18:15.225659;129;23997.9;329;2024;4;4
2024-04-06 23:18:15.225659;153;34113.9;410;2024;4;5
2024-04-07 23:18:15.225659;142;26477.40001;329;2024;4;6
2024-04-08 23:18:15.225659;138;24367.30001;336;2024;4;0
2024-04-09 23:18:15.225659;156;30951.8;395;2024;4;1
2024-04-10 23:18:15.225659;140;24512.6;329;2024;4;2
2024-04-11 23:18:15.225659;143;31711.80001;373;2024;4;3
2024-04-12 23:18:15.225659;134;27038.30001;332;2024;4;4
2024-04-13 23:18:15.225659;136;27438.2;335;2024;4;5
2024-04-14 23:18:15.225659;130;23925.1;306;2024;4;6
2024-04-15 23:18:15.225659;138;26059.3;342;2024;4;0
2024-04-16 23:18:15.225659;132;24577.5;323;2024;4;1
2024-04-17 23:18:15.225659;150;30743.3;388;2024;4;2
2024-04-18 23:18:15.225659;142;29091.3;349;2024;4;3
2024-04-19 23:18:15.225659;131;27440.2;327;2024;4;4
2024-04-20 23:18:15.225659;139;25010.70001;337;2024;4;5
2024-04-21 23:18:15.225659;142;29046.3;354;2024;4;6
2024-04-22 23:18:15.225659;145;28364.1;370;2024;4;0
2024-04-23 23:18:15.225659;134;27093.7;341;2024;4;1
2024-04-24 23:18:15.225659;138;27170.3;336;2024;4;2
2024-04-25 23:18:15.225659;127;22010.3;323;2024;4;3
2024-04-26 23:18:15.225659;158;33571.5;406;2024;4;4
2024-04-27 23:18:15.225659;133;26367.600010000002;328;2024;4;5
2024-04-28 23:18:15.225659;157;31754.2;401;2024;4;6
2024-04-29 23:18:15.225659;153;28463.9;380;2024;4;0
2024-04-30 23:18:15.225659;143;30615.30001;370;2024;4;1
2024-05-01 23:18:15.225659;122;24583.6;301;2024;5;2
2024-05-02 23:18:15.225659;129;23261.8;297;2024;5;3
2024-05-03 23:18:15.225659;130;25443.8;307;2024;5;4
2024-05-04 23:18:15.225659;134;24086.2;326;2024;5;5
2024-05-05 23:18:15.225659;131;25394.60001;318;2024;5;6
2024-05-06 23:18:15.225659;149;31066.1;378;2024;5;0
2024-05-07 23:18:15.225659;162;33096.00001;395;2024;5;1
2024-05-08 23:18:15.225659;129;23494.5;306;2024;5;2
2024-05-09 23:18:15.225659;121;25390.9;304;2024;5;3
2024-05-10 23:18:15.225659;138;33788.0;385;2024;5;4
2024-05-11 23:18:15.225659;153;29222.7;376;2024;5;5
2024-05-12 23:18:15.225659;133;25306.4;330;2024;5;6
2024-05-13 23:18:15.225659;167;30199.7;406;2024;5;0
2024-05-14 23:18:15.225659;142;27415.0;328;2024;5;1
2024-05-15 23:18:15.225659;154;27645.4;376;2024;5;2
2024-05-16 23:18:15.225659;143;30479.9;371;2024;5;3
2024-05-17 23:18:15.225659;144;27365.8;358;2024;5;4
2024-05-18 23:18:15.225659;127;23846.7;314;2024;5;5
2024-05-19 23:18:15.225659;130;25525.8;333;2024;5;6
2024-05-20 23:18:15.225659;152;31799.7;395;2024;5;0
2024-05-21 23:18:15.225659;165;35586.8;410;2024;5;1
2024-05-22 23:18:15.225659;144;28071.4;341;2024;5;2
2024-05-23 23:18:15.225659;136;28819.4;347;2024;5;3
2024-05-24 23:18:15.225659;122;24984.5;307;2024;5;4
2024-05-25 23:18:15.225659;127;25618.100010000002;328;2024;5;5
2024-05-26 23:18:15.225659;133;23237.1;305;2024;5;6
2024-05-27 23:18:15.225659;147;30904.30001;370;2024;5;0
2024-05-28 23:18:15.225659;144;32433.20001;369;2024;5;1
2024-05-29 23:18:15.225659;151;30086.90001;365;2024;5;2
2024-05-30 23:18:15.225659;119;22112.6;287;2024;5;3
2024-05-31 23:18:15.225659;152;28979.2;366;2024;5;4
2024-06-01 23:18:15.225659;132;26208.2;325;2024;6;5
2024-06-02 23:18:15.225659;136;26378.0;347;2024;6;6
2024-06-03 23:18:15.225659;136;27468.30001;332;2024;6;0
2024-06-04 23:18:15.225659;139;25278.7;333;2024;6;1
2024-06-05 23:18:15.225659;132;30792.9;366;2024;6;2
2024-06-06 23:18:15.225659;150;28237.100000000002;355;2024;6;3
2024-06-07 23:18:15.225659;142;28638.3;357;2024;6;4
2024-06-08 23:18:15.225659;123;25148.40001;298;2024;6;5
2024-06-09 23:18:15.225659;136;25838.3;349;2024;6;6
2024-06-10 23:18:15.225659;141;26162.6;346;2024;6;0
2024-06-11 23:18:15.225659;133;27398.100000000002;321;2024;6;1
2024-06-12 23:18:15.225659;140;26091.0;335;2024;6;2
2024-06-13 23:18:15.225659;155;32138.8;382;2024;6;3
2024-06-14 23:18:15.225659;143;32856.1;385;2024;6;4
2024-06-15 23:18:15.225659;151;29682.9;388;2024;6;5
2024-06-16 23:18:15.225659;141;26576.50001;352;2024;6;6
2024-06-17 23:18:15.225659;136;27984.2;340;2024;6;0
2024-06-18 23:18:15.225659;136;27202.6;357;2024;6;1
2024-06-19 23:18:15.225659;144;28243.4;344;2024;6;2
2024-06-20 23:18:15.225659;136;30057.5;333;2024;6;3
2024-06-21 23:18:15.225659;131;25782.4;340;2024;6;4
2024-06-22 23:18:15.225659;125;23893.1;303;2024;6;5
2024-06-23 23:18:15.225659;139;28539.0;319;2024;6;6
2024-06-24 23:18:15.225659;115;23502.8;299;2024;6;0
2024-06-25 23:18:15.225659;150;29971.8;386;2024;6;1
2024-06-26 23:18:15.225659;129;29329.6;341;2024;6;2
2024-06-27 23:18:15.225659;131;24191.1;334;2024;6;3
2024-06-28 23:18:15.225659;157;34219.90002;400;2024;6;4
2024-06-29 23:18:15.225659;137;27468.4;336;2024;6;5
2024-06-30 23:18:15.225659;150;29505.1;353;2024;6;6
2024-07-01 23:18:15.225659;140;26492.6;336;2024;7;0
2024-07-02 23:18:15.225659;134;26211.30001;328;2024;7;1
2024-07-03 23:18:15.225659;138;26695.4;337;2024;7;2
2024-07-04 23:18:15.225659;156;33535.30001;383;2024;7;3
2024-07-05 23:18:15.225659;140;26006.100000000002;358;2024;7;4
2024-07-06 23:18:15.225659;149;27018.1;358;2024;7;5
2024-07-07 23:18:15.225659;131;24284.9;337;2024;7;6
2024-07-08 23:18:15.225659;139;24861.4;347;2024;7;0
2024-07-09 23:18:15.225659;143;27599.6;346;2024;7;1
2024-07-10 23:18:15.225659;140;28084.30001;342;2024;7;2
2024-07-11 23:18:15.225659;140;24868.0;322;2024;7;3
2024-07-12 23:18:15.225659;134;23144.0;320;2024;7;4
2024-07-13 23:18:15.225659;141;29293.9;364;2024;7;5
2024-07-14 23:18:15.225659;153;27081.5;386;2024;7;6
2024-07-15 23:18:15.225659;142;30158.5;350;2024;7;0
2024-07-16 23:18:15.225659;130;25652.0;324;2024;7;1
2024-07-17 23:18:15.225659;127;25719.3;301;2024;7;2
2024-07-18 23:18:15.225659;151;33268.9;372;2024;7;3
2024-07-19 23:18:15.225659;128;24051.6;327;2024;7;4
2024-07-20 23:18:15.225659;137;25796.30001;341;2024;7;5
2024-07-21 23:18:15.225659;145;28100.1;383;2024;7;6
2024-07-22 23:18:15.225659;138;26349.90001;331;2024;7;0
2024-07-23 23:18:15.225659;151;27695.3;377;2024;7;1
2024-07-24 23:18:15.225659;165;31398.90001;405;2024;7;2
2024-07-25 23:18:15.225659;145;27698.100000000002;352;2024;7;3
2024-07-26 23:18:15.225659;156;31356.0;385;2024;7;4
2024-07-27 23:18:15.225659;151;32192.0;374;2024;7;5
2024-07-28 23:18:15.225659;145;28301.5;379;2024;7;6
2024-07-29 23:18:15.225659;131;23910.100010000002;337;2024;7;0
2024-07-30 23:18:15.225659;136;26050.1;330;2024;7;1
2024-07-31 23:18:15.225659;131;26847.9;331;2024;7;2
2024-08-01 23:18:15.225659;146;28745.8;357;2024;8;3
2024-08-02 23:18:15.225659;118;23086.2;298;2024;8;4
2024-08-03 23:18:15.225659;126;24963.6;303;2024;8;5
2024-08-04 23:18:15.225659;120;21844.90001;292;2024;8;6
2024-08-05 23:18:15.225659;144;29959.5;355;2024;8;0
2024-08-06 23:18:15.225659;123;23594.3;302;2024;8;1
2024-08-07 23:18:15.225659;138;29205.100000000002;357;2024;8;2
2024-08-08 23:18:15.225659;132;27524.0;323;2024;8;3
2024-08-09 23:18:15.225659;148;30810.6;385;2024;8;4
2024-08-10 23:18:15.225659;170;33116.2;408;2024;8;5
2024-08-11 23:18:15.225659;133;25537.9;337;2024;8;6
2024-08-12 23:18:15.225659;119;26726.8;311;2024;8;0
2024-08-13 23:18:15.225659;122;23400.1;318;2024;8;1
2024-08-14 23:18:15.225659;142;29357.9;344;2024;8;2
2024-08-15 23:18:15.225659;140;27470.0;338;2024;8;3
2024-08-16 23:18:15.225659;141;33866.6;368;2024;8;4
2024-08-17 23:18:15.225659;128;22077.80001;301;2024;8;5
2024-08-18 23:18:15.225659;131;25436.00001;320;2024;8;6
2024-08-19 23:18:15.225659;152;25111.100010000002;350;2024;8;0
2024-08-20 23:18:15.225659;139;29397.600010000002;358;2024;8;1
2024-08-21 23:18:15.225659;124;23675.1;309;2024;8;2
2024-08-22 23:18:15.225659;128;24670.8;331;2024;8;3
2024-08-23 23:18:15.225659;148;27227.9;354;2024;8;4
2024-08-24 23:18:15.225659;161;31339.7;390;2024;8;5
2024-08-25 23:18:15.225659;133;26039.0;336;2024;8;6
2024-08-26 23:18:15.225659;145;28152.8;360;2024;8;0
2024-08-27 23:18:15.225659;133;31478.0;338;2024;8;1
2024-08-28 23:18:15.225659;160;37921.9;418;2024;8;2
2024-08-29 23:18:15.225659;150;27630.4;358;2024;8;3
2024-08-30 23:18:15.225659;153;34917.3;402;2024;8;4
2024-08-31 23:18:15.225659;133;25168.600000000002;326;2024;8;5
2024-09-01 23:18:15.225659;128;24980.100000000002;305;2024;9;6
2024-09-02 23:18:15.225659;129;24216.1;312;2024;9;0
2024-09-03 23:18:15.225659;144;30092.1;359;2024;9;1
2024-09-04 23:18:15.225659;141;26522.70001;353;2024;9;2
2024-09-05 23:18:15.225659;133;26007.90001;359;2024;9;3
2024-09-06 23:18:15.225659;123;25737.1;308;2024;9;4
2024-09-07 23:18:15.225659;159;30470.4;408;2024;9;5
2024-09-08 23:18:15.225659;144;27978.9;366;2024;9;6
2024-09-09 23:18:15.225659;132;21856.8;300;2024;9;0
2024-09-10 23:18:15.225659;124;24298.7;311;2024;9;1
2024-09-11 23:18:15.225659;166;33877.4;405;2024;9;2
2024-09-12 23:18:15.225659;119;26013.00001;304;2024;9;3
2024-09-13 23:18:15.225659;125;25002.5;309;2024;9;4
2024-09-14 23:18:15.225659;121;23218.90001;304;2024;9;5
2024-09-15 23:18:15.225659;147;28892.0;361;2024;9;6
2024-09-16 23:18:15.225659;119;20324.9;283;2024;9;0
2024-09-17 23:18:15.225659;139;28163.600000000002;355;2024;9;1
2024-09-18 23:18:15.225659;145;28525.0;344;2024;9;2
2024-09-19 23:18:15.225659;143;30976.50001;355;2024;9;3
2024-09-20 23:18:15.225659;135;25715.50001;318;2024;9;4
2024-09-21 23:18:15.225659;148;30086.00002;379;2024;9;5
2024-09-22 23:18:15.225659;138;28464.9;350;2024;9;6
2024-09-23 23:18:15.225659;119;23479.6;286;2024;9;0
2024-09-24 23:18:15.225659;146;31012.40002;387;2024;9;1
2024-09-25 23:18:15.225659;135;26625.0;330;2024;9;2
2024-09-26 23:18:15.225659;124;21999.3;296;2024;9;3
2024-09-27 23:18:15.225659;123;24337.8;310;2024;9;4
2024-09-28 23:18:15.225659;117;22238.3;303;2024;9;5
2024-09-29 23:18:15.225659;132;26040.8;342;2024;9;6
2024-09-30 23:18:15.225659;136;25650.9;345;2024;9;0
2024-10-01 23:18:15.225659;145;26832.5;368;2024;10;1
2024-10-02 23:18:15.225659;122;25734.30001;310;2024;10;2
2024-10-03 23:18:15.225659;127;26136.5;318;2024;10;3
2024-10-04 23:18:15.225659;133;24842.5;310;2024;10;4
2024-10-05 23:18:15.225659;141;29330.6;341;2024;10;5
2024-10-06 23:18:15.225659;140;26065.7;323;2024;10;6
2024-10-07 23:18:15.225659;132;25624.0;320;2024;10;0
2024-10-08 23:18:15.225659;150;32054.40001;357;2024;10;1
2024-10-09 23:18:15.225659;132;26116.8;332;2024;10;2
2024-10-10 23:18:15.225659;159;30691.1;375;2024;10;3
2024-10-11 23:18:15.225659;130;22686.600010000002;313;2024;10;4
2024-10-12 23:18:15.225659;137;29965.9;351;2024;10;5
2024-10-13 23:18:15.225659;141;26403.5;336;2024;10;6
2024-10-14 23:18:15.225659;132;26451.0;314;2024;10;0
2024-10-15 23:18:15.225659;147;32653.4;379;2024;10;1
2024-10-16 23:18:15.225659;135;26807.2;342;2024;10;2
2024-10-17 23:18:15.225659;138;27013.4;333;2024;10;3
2024-10-18 23:18:15.225659;147;31454.4;366;2024;10;4
2024-10-19 23:18:15.225659;134;27667.6;330;2024;10;5
2024-10-20 23:18:15.225659;149;28488.8;368;2024;10;6
2024-10-21 23:18:15.225659;140;30712.80001;355;2024;10;0
2024-10-22 23:18:15.225659;139;29783.9;342;2024;10;1
2024-10-23 23:18:15.225659;132;27749.3;337;2024;10;2
2024-10-24 23:18:15.225659;118;25076.2;278;2024;10;3
2024-10-25 23:18:15.225659;125;26759.8;316;2024;10;4
2024-10-26 23:18:15.225659;160;30410.2;418;2024;10;5
2024-10-27 23:18:15.225659;118;23617.80001;303;2024;10;6
2024-10-28 23:18:15.225659;136;24927.7;343;2024;10;0
2024-10-29 23:18:15.225659;139;26412.600000000002;365;2024;10;1
2024-10-30 23:18:15.225659;150;29069.100000000002;355;2024;10;2
2024-10-31 23:18:15.225659;135;27211.6;314;2024;10;3
2024-11-01 23:18:15.225659;150;32313.20001;398;2024;11;4
2024-11-02 23:18:15.225659;158;32243.8;423;2024;11;5
2024-11-03 23:18:15.225659;148;28514.6;369;2024;11;6
2024-11-04 23:18:15.225659;131;24322.9;311;2024;11;0
2024-11-05 23:18:15.225659;127;25198.30001;303;2024;11;1
2024-11-06 23:18:15.225659;136;28519.40001;340;2024;11;2
2024-11-07 23:18:15.225659;134;26739.6;332;2024;11;3
2024-11-08 23:18:15.225659;142;29152.9;354;2024;11;4
2024-11-09 23:18:15.225659;134;28351.1;329;2024;11;5
2024-11-10 23:18:15.225659;139;24605.7;345;2024;11;6
2024-11-11 23:18:15.225659;136;29206.3;343;2024;11;0
2024-11-12 23:18:15.225659;144;28932.9;348;2024;11;1
2024-11-13 23:18:15.225659;128;24515.2;321;2024;11;2
2024-11-14 23:18:15.225659;140;31515.6;366;2024;11;3
2024-11-15 23:18:15.225659;147;28155.5;370;2024;11;4
2024-11-16 23:18:15.225659;139;25615.60001;342;2024;11;5
2024-11-17 23:18:15.225659;141;28822.5;355;2024;11;6
2024-11-18 23:18:15.225659;141;33167.2;375;2024;11;0
2024-11-19 23:18:15.225659;124;22960.6;312;2024;11;1
2024-11-20 23:18:15.225659;139;26005.20001;348;2024;11;2
2024-11-21 23:18:15.225659;143;27800.2;344;2024;11;3
2024-11-22 23:18:15.225659;126;25003.3;323;2024;11;4
2024-11-23 23:18:15.225659;128;27297.1;340;2024;11;5
2024-11-24 23:18:15.225659;137;24460.9;323;2024;11;6
2024-11-25 23:18:15.225659;129;27437.5;323;2024;11;0
2024-11-26 23:18:15.225659;136;27144.3;327;2024;11;1
2024-11-27 23:18:15.225659;138;24051.9;316;2024;11;2
2024-11-28 23:18:15.225659;137;27245.0;343;2024;11;3
2024-11-29 23:18:15.225659;154;30933.600010000002;381;2024;11;4
2024-11-30 23:18:15.225659;134;30966.40001;338;2024;11;5
2024-12-01 23:18:15.225659;133;28670.5;348;2024;12;6
2024-12-02 23:18:15.225659;141;26815.90001;349;2024;12;0
2024-12-03 23:18:15.225659;115;21903.0;280;2024;12;1
2024-12-04 23:18:15.225659;140;28906.3;368;2024;12;2
2024-12-05 23:18:15.225659;137;24794.8;327;2024;12;3
2024-12-06 23:18:15.225659;145;29815.1;374;2024;12;4
2024-12-07 23:18:15.225659;129;26259.6;310;2024;12;5
2024-12-08 23:18:15.225659;156;32656.60001;401;2024;12;6
2024-12-09 23:18:15.225659;163;31681.00001;426;2024;12;0
2024-12-10 23:18:15.225659;135;28100.2;344;2024;12;1
2024-12-11 23:18:15.225659;153;36377.2;419;2024;12;2
2024-12-12 23:18:15.225659;135;24711.7;318;2024;12;3
2024-12-13 23:18:15.225659;120;24026.0;316;2024;12;4
2024-12-14 23:18:15.225659;134;26647.2;329;2024;12;5
2024-12-15 23:18:15.225659;129;30679.4;332;2024;12;6
2024-12-16 23:18:15.225659;130;20578.7;317;2024;12;0
2024-12-17 23:18:15.225659;146;31559.9;368;2024;12;1
2024-12-18 23:18:15.225659;125;24388.3;319;2024;12;2
2024-12-19 23:18:15.225659;142;28748.2;364;2024;12;3
2024-12-20 23:18:15.225659;149;30456.7;368;2024;12;4
2024-12-21 23:18:15.225659;146;32126.5;359;2024;12;5
2024-12-22 23:18:15.225659;140;29024.2;358;2024;12;6
2024-12-23 23:18:15.225659;131;27636.1;325;2024;12;0
2024-12-24 23:18:15.225659;143;27661.1;358;2024;12;1
2024-12-25 23:18:15.225659;143;26399.100000000002;366;2024;12;2
2024-12-26 23:18:15.225659;149;26904.3;356;2024;12;3
2024-12-27 23:18:15.225659;124;27166.1;321;2024;12;4
2024-12-28 23:18:15.225659;134;26953.9;328;2024;12;5
2024-12-29 23:18:15.225659;131;27275.9;320;2024;12;6
2024-12-30 23:18:15.225659;137;29811.4;330;2024;12;0
2024-12-31 23:18:15.225659;132;23689.8;303;2024;12;1
2025-01-01 23:18:15.225659;128;22574.40001;298;2025;1;2
2025-01-02 23:18:15.225659;147;26065.6;364;2025;1;3
2025-01-03 23:18:15.225659;139;26394.3;346;2025;1;4
2025-01-04 23:18:15.225659;146;29327.70001;364;2025;1;5
2025-01-05 23:18:15.225659;147;28695.7;357;2025;1;6
2025-01-06 23:18:15.225659;143;30728.3;357;2025;1;0
2025-01-07 23:18:15.225659;132;26021.8;335;2025;1;1
2025-01-08 23:18:15.225659;142;28205.3;345;2025;1;2
2025-01-09 23:18:15.225659;141;26660.8;352;2025;1;3
2025-01-10 23:18:15.225659;160;32731.5;395;2025;1;4
2025-01-11 23:18:15.225659;129;24320.80001;311;2025;1;5
2025-01-12 23:18:15.225659;136;27293.2;330;2025;1;6
2025-01-13 23:18:15.225659;152;29338.00001;377;2025;1;0
2025-01-14 23:18:15.225659;137;27161.00001;348;2025;1;1
2025-01-15 23:18:15.225659;151;27280.90001;367;2025;1;2
2025-01-16 23:18:15.225659;128;25809.6;318;2025;1;3
2025-01-17 23:18:15.225659;155;29879.8;407;2025;1;4
2025-01-18 23:18:15.225659;145;28281.4;345;2025;1;5
2025-01-19 23:18:15.225659;120;21975.7;271;2025;1;6
2025-01-20 23:18:15.225659;132;26253.8;329;2025;1;0
2025-01-21 23:18:15.225659;131;28681.80001;343;2025;1;1
2025-01-22 23:18:15.225659;135;26421.1;332;2025;1;2
2025-01-23 23:18:15.225659;141;28491.9;360;2025;1;3
2025-01-24 23:18:15.225659;127;23219.20001;315;2025;1;4
2025-01-25 23:18:15.225659;148;30662.2;349;2025;1;5
2025-01-26 23:18:15.225659;154;27118.7;355;2025;1;6
2025-01-27 23:18:15.225659;132;27647.9;327;2025;1;0
2025-01-28 23:18:15.225659;114;21863.40001;277;2025;1;1
2025-01-29 23:18:15.225659;134;27785.80001;334;2025;1;2
2025-01-30 23:18:15.225659;139;29352.7;350;2025;1;3
2025-01-31 23:18:15.225659;148;30392.7;398;2025;1;4
2025-02-01 23:18:15.225659;155;30561.6;387;2025;2;5
2025-02-02 23:18:15.225659;138;25219.3;339;2025;2;6
2025-02-03 23:18:15.225659;129;27098.50001;321;2025;2;0
2025-02-04 23:18:15.225659;129;27935.3;314;2025;2;1
2025-02-05 23:18:15.225659;130;25161.2;318;2025;2;2
2025-02-06 23:18:15.225659;119;24304.3;295;2025;2;3
2025-02-07 23:18:15.225659;139;27671.6;341;2025;2;4
2025-02-08 23:18:15.225659;140;29609.7;367;2025;2;5
2025-02-09 23:18:15.225659;131;25410.0;310;2025;2;6
2025-02-10 23:18:15.225659;129;25430.8;316;2025;2;0
2025-02-11 23:18:15.225659;134;28648.3;328;2025;2;1
2025-02-12 23:18:15.225659;141;27887.7;338;2025;2;2
2025-02-13 23:18:15.225659;118;23330.30001;283;2025;2;3
2025-02-14 23:18:15.225659;129;23696.6;307;2025;2;4
2025-02-15 23:18:15.225659;118;22494.600000000002;280;2025;2;5
2025-02-16 23:18:15.225659;162;36693.9;445;2025;2;6
2025-02-17 23:18:15.225659;125;27049.20002;312;2025;2;0
2025-02-18 23:18:15.225659;133;26514.2;332;2025;2;1
2025-02-19 23:18:15.225659;126;26643.90001;338;2025;2;2
2025-02-20 23:18:15.225659;133;28092.4;349;2025;2;3
2025-02-21 23:18:15.225659;143;25879.90001;358;2025;2;4
2025-02-22 23:18:15.225659;128;25155.0;310;2025;2;5
2025-02-23 23:18:15.225659;131;26019.40001;320;2025;2;6
2025-02-24 23:18:15.225659;121;24186.3;326;2025;2;0
2025-02-25 23:18:15.225659;149;29517.3;383;2025;2;1
2025-02-26 23:18:15.225659;147;28968.10001;365;2025;2;2
2025-02-27 23:18:15.225659;136;30313.7;343;2025;2;3
2025-02-28 23:18:15.225659;135;26082.0;319;2025;2;4
2025-03-01 23:18:15.225659;111;20487.00001;267;2025;3;5
2025-03-02 23:18:15.225659;150;30433.5;387;2025;3;6
2025-03-03 23:18:15.225659;143;30564.5;350;2025;3;0
2025-03-04 23:18:15.225659;152;29347.3;352;2025;3;1
2025-03-05 23:18:15.225659;128;27883.9;337;2025;3;2
2025-03-06 23:18:15.225659;138;26990.5;332;2025;3;3
2025-03-07 23:18:15.225659;136;27533.4;357;2025;3;4
2025-03-08 23:18:15.225659;145;30266.7;391;2025;3;5
2025-03-09 23:18:15.225659;134;25522.100000000002;337;2025;3;6
2025-03-10 23:18:15.225659;140;27358.8;343;2025;3;0
2025-03-11 23:18:15.225659;140;25904.4;334;2025;3;1
2025-03-12 23:18:15.225659;140;28624.1;346;2025;3;2
2025-03-13 23:18:15.225659;132;23158.100010000002;325;2025;3;3
2025-03-14 23:18:15.225659;148;24591.9;354;2025;3;4
2025-03-15 23:18:15.225659;144;28597.3;353;2025;3;5
2025-03-16 23:18:15.225659;139;27781.2;361;2025;3;6
2025-03-17 23:18:15.225659;129;24226.6;290;2025;3;0
2025-03-18 23:18:15.225659;128;26167.1;318;2025;3;1
2025-03-19 23:18:15.225659;146;35674.3;383;2025;3;2
2025-03-20 23:18:15.225659;157;28290.600010000002;397;2025;3;3
2025-03-21 23:18:15.225659;156;29146.6;375;2025;3;4
2025-03-22 23:18:15.225659;135;29848.4;339;2025;3;5
2025-03-23 23:18:15.225659;153;29354.2;391;2025;3;6
2025-03-24 23:18:15.225659;127;23695.8;298;2025;3;0
2025-03-25 23:18:15.225659;117;22696.8;280;2025;3;1
2025-03-26 23:18:15.225659;131;26058.1;331;2025;3;2
2025-03-27 23:18:15.225659;128;27148.9;313;2025;3;3
2025-03-28 23:18:15.225659;155;30450.2;371;2025;3;4
2025-03-29 23:18:15.225659;120;23373.4;298;2025;3;5
2025-03-30 23:18:15.225659;129;25211.3;321;2025;3;6
2025-03-31 23:18:15.225659;136;27415.00001;325;2025;3;0
2025-04-01 23:18:15.225659;129;26379.4;322;2025;4;1
2025-04-02 23:18:15.225659;140;26408.00001;357;2025;4;2
2025-04-03 23:18:15.225659;151;30746.5;371;2025;4;3
2025-04-04 23:18:15.225659;127;27266.0;333;2025;4;4
2025-04-05 23:18:15.225659;135;26265.3;328;2025;4;5
2025-04-06 23:18:15.225659;143;30464.6;375;2025;4;6
2025-04-07 23:18:15.225659;125;26358.3;320;2025;4;0
2025-04-08 23:18:15.225659;141;30096.2;349;2025;4;1
2025-04-09 23:18:15.225659;155;34221.90001;390;2025;4;2
2025-04-10 23:18:15.225659;126;26115.9;322;2025;4;3
2025-04-11 23:18:15.225659;144;27308.9;367;2025;4;4
2025-04-12 23:18:15.225659;144;30909.00002;386;2025;4;5
2025-04-13 23:18:15.225659;132;24625.2;326;2025;4;6
2025-04-14 23:18:15.225659;126;22138.9;310;2025;4;0
2025-04-15 23:18:15.225659;142;24584.6;343;2025;4;1
2025-04-16 23:18:15.225659;129;28122.2;331;2025;4;2
2025-04-17 23:18:15.225659;126;23023.80001;328;2025;4;3
2025-04-18 23:18:15.225659;146;28493.4;362;2025;4;4
2025-04-19 23:18:15.225659;137;27288.600010000002;356;2025;4;5
2025-04-20 23:18:15.225659;133;24343.5;304;2025;4;6
2025-04-21 23:18:15.225659;126;25854.9;321;2025;4;0
2025-04-22 23:18:15.225659;153;29241.0;387;2025;4;1
2025-04-23 23:18:15.225659;140;26885.8;329;2025;4;2
2025-04-24 23:18:15.225659;137;26514.8;326;2025;4;3
2025-04-25 23:18:15.225659;156;29873.60001;395;2025;4;4
2025-04-26 23:18:15.225659;131;24487.40001;313;2025;4;5
2025-04-27 23:18:15.225659;151;29642.3;353;2025;4;6
2025-04-28 23:18:15.225659;122;20107.80002;294;2025;4;0
2025-04-29 23:18:15.225659;153;29069.8;382;2025;4;1
2025-04-30 23:18:15.225659;138;27856.7;346;2025;4;2
2025-05-01 23:18:15.225659;117;25594.10001;297;2025;5;3
2025-05-02 23:18:15.225659;152;31789.2;387;2025;5;4
2025-05-03 23:18:15.225659;116;24931.5;303;2025;5;5
2025-05-04 23:18:15.225659;155;31098.7;376;2025;5;6
2025-05-05 23:18:15.225659;136;27960.0;344;2025;5;0
2025-05-06 23:18:15.225659;106;17675.6;250;2025;5;1
2025-05-07 23:18:15.225659;140;30040.4;351;2025;5;2
2025-05-08 23:18:15.225659;132;26712.9;341;2025;5;3
2025-05-09 23:18:15.225659;123;22887.3;297;2025;5;4
2025-05-10 23:18:15.225659;130;29834.7;328;2025;5;5
2025-05-11 23:18:15.225659;129;24164.0;300;2025;5;6
2025-05-12 23:18:15.225659;161;32519.00001;407;2025;5;0
2025-05-13 23:18:15.225659;146;30154.7;351;2025;5;1
2025-05-14 23:18:15.225659;125;23486.5;302;2025;5;2
2025-05-15 23:18:15.225659;137;28652.2;341;2025;5;3
2025-05-16 23:18:15.225659;140;27288.2;343;2025;5;4
2025-05-17 23:18:15.225659;154;29562.5;390;2025;5;5
2025-05-18 23:18:15.225659;158;33015.3;386;2025;5;6
2025-05-19 23:18:15.225659;130;24095.80001;314;2025;5;0
2025-05-20 23:18:15.225659;136;28618.40001;330;2025;5;1
2025-05-21 23:18:15.225659;137;26918.9;347;2025;5;2
2025-05-22 23:18:15.225659;156;31224.6;408;2025;5;3
2025-05-23 23:18:15.225659;132;26395.9;337;2025;5;4
2025-05-24 23:18:15.225659;140;32700.4;370;2025;5;5
2025-05-25 23:18:15.225659;147;27338.2;387;2025;5;6
2025-05-26 23:18:15.225659;120;25321.90001;309;2025;5;0
2025-05-27 23:18:15.225659;139;30509.90001;378;2025;5;1
2025-05-28 23:18:15.225659;131;25000.3;307;2025;5;2
2025-05-29 23:18:15.225659;136;27063.1;343;2025;5;3
2025-05-30 23:18:15.225659;141;28430.3;350;2025;5;4
2025-05-31 23:18:15.225659;123;23901.9;295;2025;5;5
2025-06-01 23:18:15.225659;135;25811.4;357;2025;6;6
2025-06-02 23:18:15.225659;144;25821.30001;362;2025;6;0
2025-06-03 23:18:15.225659;153;29817.7;384;2025;6;1
2025-06-04 23:18:15.225659;152;27439.4;374;2025;6;2
2025-06-05 23:18:15.225659;127;29184.30001;340;2025;6;3
2025-06-06 23:18:15.225659;145;28844.5;393;2025;6;4
2025-06-07 23:18:15.225659;132;20637.20001;295;2025;6;5
2025-06-08 23:18:15.225659;136;24718.4;342;2025;6;6
2025-06-09 23:18:15.225659;132;26633.2;331;2025;6;0
2025-06-10 23:18:15.225659;141;30585.100000000002;372;2025;6;1
2025-06-11 23:18:15.225659;131;29565.5;324;2025;6;2
2025-06-12 23:18:15.225659;135;27482.2;351;2025;6;3
2025-06-13 23:18:15.225659;165;31762.7;397;2025;6;4
2025-06-14 23:18:15.225659;124;24743.9;316;2025;6;5
2025-06-15 23:18:15.225659;149;29325.6;348;2025;6;6
2025-06-16 23:18:15.225659;146;32471.4;373;2025;6;0
2025-06-17 23:18:15.225659;132;25580.1;343;2025;6;1
2025-06-18 23:18:15.225659;136;28587.6;354;2025;6;2
2025-06-19 23:18:15.225659;127;28459.2;329;2025;6;3
2025-06-20 23:18:15.225659;130;23275.20001;303;2025;6;4
2025-06-21 23:18:15.225659;139;25687.2;341;2025;6;5
2025-06-22 23:18:15.225659;129;27568.2;313;2025;6;6
2025-06-23 23:18:15.225659;127;26023.2;326;2025;6;0
2025-06-24 23:18:15.225659;130;25584.3;341;2025;6;1
2025-06-25 23:18:15.225659;137;26051.4;332;2025;6;2
2025-06-26 23:18:15.225659;132;27890.8;331;2025;6;3
2025-06-27 23:18:15.225659;138;29514.3;334;2025;6;4
2025-06-28 23:18:15.225659;123;22977.5;313;2025;6;5
2025-06-29 23:18:15.225659;145;28724.8;362;2025;6;6
2025-06-30 23:18:15.225659;146;28624.2;369;2025;6;0
2025-07-01 23:18:15.225659;120;22761.9;305;2025;7;1
2025-07-02 23:18:15.225659;139;29614.1;342;2025;7;2
2025-07-03 23:18:15.225659;126;25984.600010000002;321;2025;7;3
2025-07-04 23:18:15.225659;144;25117.600000000002;364;2025;7;4
2025-07-05 23:18:15.225659;148;30720.2;378;2025;7;5
2025-07-06 23:18:15.225659;155;30083.6;359;2025;7;6
2025-07-07 23:18:15.225659;147;30135.4;384;2025;7;0
2025-07-08 23:18:15.225659;107;21319.7;270;2025;7;1
2025-07-09 23:18:15.225659;143;28797.50001;364;2025;7;2
2025-07-10 23:18:15.225659;154;32468.2;404;2025;7;3
2025-07-11 23:18:15.225659;155;31350.5;377;2025;7;4
2025-07-12 23:18:15.225659;137;25907.6;336;2025;7;5
2025-07-13 23:18:15.225659;143;26830.2;354;2025;7;6
2025-07-14 23:18:15.225659;121;24767.0;292;2025;7;0
2025-07-15 23:18:15.225659;122;23448.8;300;2025;7;1
2025-07-16 23:18:15.225659;117;19858.0;288;2025;7;2
2025-07-17 23:18:15.225659;153;35655.90001;397;2025;7;3
2025-07-18 23:18:15.225659;150;28038.100000000002;356;2025;7;4
2025-07-19 23:18:15.225659;105;22113.8;268;2025;7;5
2025-07-20 23:18:15.225659;135;26762.8;342;2025;7;6
2025-07-21 23:18:15.225659;113;22423.100010000002;263;2025;7;0
2025-07-22 23:18:15.225659;149;30791.6;369;2025;7;1
2025-07-23 23:18:15.225659;138;29418.0;359;2025;7;2
2025-07-24 23:18:15.225659;146;29288.40004;373;2025;7;3
2025-07-25 23:18:15.225659;129;24613.5;318;2025;7;4
2025-07-26 23:18:15.225659;131;24292.600010000002;330;2025;7;5
2025-07-27 23:18:15.225659;128;26377.2;324;2025;7;6
2025-07-28 23:18:15.225659;121;23442.80001;308;2025;7;0
2025-07-29 23:18:15.225659;128;23730.600010000002;306;2025;7;1
2025-07-30 23:18:15.225659;137;25556.1;356;2025;7;2
2025-07-31 23:18:15.225659;145;24796.6;343;2025;7;3
2025-08-01 23:18:15.225659;128;24060.9;311;2025;8;4
2025-08-02 23:18:15.225659;144;29203.7;352;2025;8;5
2025-08-03 23:18:15.225659;133;26903.7;335;2025;8;6
2025-08-04 23:18:15.225659;136;26004.9;336;2025;8;0
2025-08-05 23:18:15.225659;131;24927.1;320;2025;8;1
2025-08-06 23:18:15.225659;142;26354.5;331;2025;8;2
2025-08-07 23:18:15.225659;133;25012.7;323;2025;8;3
2025-08-08 23:18:15.225659;133;31497.8;356;2025;8;4
2025-08-09 23:18:15.225659;138;23888.2;351;2025;8;5
2025-08-10 23:18:15.225659;120;24634.2;319;2025;8;6
2025-08-11 23:18:15.225659;142;26157.2;348;2025;8;0
2025-08-12 23:18:15.225659;154;27109.5;390;2025;8;1
2025-08-13 23:18:15.225659;144;26528.5;357;2025;8;2
2025-08-14 23:18:15.225659;143;29690.6;343;2025;8;3
2025-08-15 23:18:15.225659;148;28907.30001;380;2025;8;4
2025-08-16 23:18:15.225659;134;26086.7;340;2025;8;5
2025-08-17 23:18:15.225659;146;33004.5;377;2025;8;6
2025-08-18 23:18:15.225659;147;29331.8;334;2025;8;0
2025-08-19 23:18:15.225659;154;27852.5;361;2025;8;1
2025-08-20 23:18:15.225659;119;23308.8;290;2025;8;2
2025-08-21 23:18:15.225659;128;24282.20001;312;2025;8;3
2025-08-22 23:18:15.225659;109;23218.4;291;2025;8;4
2025-08-23 23:18:15.225659;127;27390.4;323;2025;8;5
2025-08-24 23:18:15.225659;137;25757.6;338;2025;8;6
2025-08-25 23:18:15.225659;132;23764.8;320;2025;8;0
2025-08-26 23:18:15.225659;131;25419.00001;321;2025;8;1
2025-08-27 23:18:15.225659;148;32458.5;388;2025;8;2
2025-08-28 23:18:15.225659;122;27756.8;305;2025;8;3
2025-08-29 23:18:15.225659;139;29923.0;360;2025;8;4
2025-08-30 23:18:15.225659;121;23521.0;292;2025;8;5
2025-08-31 23:18:15.225659;137;25969.1;351;2025;8;6
2025-09-01 23:18:15.225659;143;27839.0;350;2025;9;0
2025-09-02 23:18:15.225659;141;27211.600010000002;353;2025;9;1
2025-09-03 23:18:15.225659;159;31992.5;382;2025;9;2
2025-09-04 23:18:15.225659;139;25827.00001;340;2025;9;3
2025-09-05 23:18:15.225659;164;36692.0;410;2025;9;4
2025-09-06 23:18:15.225659;139;30921.6;374;2025;9;5
2025-09-07 23:18:15.225659;163;29889.2;394;2025;9;6
2025-09-08 23:18:15.225659;131;26584.00001;322;2025;9;0
2025-09-09 23:18:15.225659;143;24835.2;347;2025;9;1
2025-09-10 23:18:15.225659;144;28158.9;355;2025;9;2
2025-09-11 23:18:15.225659;135;26237.7;343;2025;9;3
2025-09-12 23:18:15.225659;138;26517.1;333;2025;9;4
2025-09-13 23:18:15.225659;151;30012.100010000002;381;2025;9;5
2025-09-14 23:18:15.225659;132;24183.80002;340;2025;9;6
2025-09-15 23:18:15.225659;132;25301.9;312;2025;9;0
2025-09-16 23:18:15.225659;144;28721.2;363;2025;9;1
2025-09-17 23:18:15.225659;141;28056.1;348;2025;9;2
2025-09-18 23:18:15.225659;115;22477.6;296;2025;9;3
2025-09-19 23:18:15.225659;149;32686.0;380;2025;9;4
2025-09-20 23:18:15.225659;149;32906.0;387;2025;9;5
2025-09-21 23:18:15.225659;141;31761.30001;356;2025;9;6
2025-09-22 23:18:15.225659;125;26592.8;320;2025;9;0
2025-09-23 23:18:15.225659;154;28552.40001;379;2025;9;1
2025-09-24 23:18:15.225659;158;29964.00001;381;2025;9;2
2025-09-25 23:18:15.225659;143;26300.40001;365;2025;9;3
2025-09-26 23:18:15.225659;150;29594.70002;384;2025;9;4
2025-09-27 23:18:15.225659;107;19613.4;254;2025;9;5
2025-09-28 23:18:15.225659;137;22792.2;323;2025;9;6
2025-09-29 23:18:15.225659;144;28892.5;353;2025;9;0
2025-09-30 23:18:15.225659;118;22203.5;277;2025;9;1
2025-10-01 23:18:15.225659;121;23629.6;309;2025;10;2
2025-10-02 23:18:15.225659;142;31881.9;361;2025;10;3
2025-10-03 23:18:15.225659;122;21596.6;309;2025;10;4
2025-10-04 23:18:15.225659;144;28161.3;348;2025;10;5
2025-10-05 23:18:15.225659;118;23229.1;303;2025;10;6
2025-10-06 23:18:15.225659;134;28173.6;338;2025;10;0
2025-10-07 23:18:15.225659;122;26474.0;312;2025;10;1
2025-10-08 23:18:15.225659;124;26948.4;334;2025;10;2
2025-10-09 23:18:15.225659;128;27006.2;318;2025;10;3
2025-10-10 23:18:15.225659;124;22936.80002;320;2025;10;4
2025-10-11 23:18:15.225659;143;27664.3;367;2025;10;5
2025-10-12 23:18:15.225659;133;27307.8;312;2025;10;6
2025-10-13 23:18:15.225659;136;28742.90001;348;2025;10;0
2025-10-14 23:18:15.225659;137;27751.7;356;2025;10;1
2025-10-15 23:18:15.225659;130;25388.600010000002;335;2025;10;2
2025-10-16 23:18:15.225659;146;26575.8;361;2025;10;3
2025-10-17 23:18:15.225659;122;23080.8;304;2025;10;4
2025-10-18 23:18:15.225659;137;30246.1;359;2025;10;5
2025-10-19 23:18:15.225659;135;26809.3;346;2025;10;6
2025-10-20 23:18:15.225659;143;28853.9;386;2025;10;0
2025-10-21 23:18:15.225659;146;29270.90001;358;2025;10;1
2025-10-22 23:18:15.225659;127;25105.1;314;2025;10;2
2025-10-23 23:18:15.225659;118;24707.0;299;2025;10;3
2025-10-24 23:18:15.225659;151;26754.3;364;2025;10;4
2025-10-25 23:18:15.225659;154;33439.2;402;2025;10;5
2025-10-26 23:18:15.225659;135;28171.7;353;2025;10;6
2025-10-27 23:18:15.225659;131;30654.7;357;2025;10;0
2025-10-28 23:18:15.225659;141;29948.4;355;2025;10;1
2025-10-29 23:18:15.225659;128;27898.9;325;2025;10;2
2025-10-30 23:18:15.225659;129;23786.1;345;2025;10;3
2025-10-31 23:18:15.225659;143;30496.1;374;2025;10;4
2025-11-01 23:18:15.225659;138;29089.50001;327;2025;11;5
2025-11-02 23:18:15.225659;128;24983.7;296;2025;11;6
2025-11-03 23:18:15.225659;136;27599.3;324;2025;11;0
2025-11-04 23:18:15.225659;153;29501.3;389;2025;11;1
2025-11-05 23:18:15.225659;144;29451.7;354;2025;11;2
2025-11-06 23:18:15.225659;142;33726.1;378;2025;11;3
2025-11-07 23:18:15.225659;141;27479.2;341;2025;11;4
2025-11-08 23:18:15.225659;142;26883.00001;364;2025;11;5
2025-11-09 23:18:15.225659;146;27017.3;355;2025;11;6
2025-11-10 23:18:15.225659;119;24164.8;295;2025;11;0
2025-11-11 23:18:15.225659;145;30444.4;377;2025;11;1
2025-11-12 23:18:15.225659;157;30441.9;379;2025;11;2
2025-11-13 23:18:15.225659;141;29017.4;358;2025;11;3
2025-11-14 23:18:15.225659;147;29503.8;377;2025;11;4
2025-11-15 23:18:15.225659;126;23168.6;316;2025;11;5
2025-11-16 23:18:15.225659;138;30458.70001;351;2025;11;6
2025-11-17 23:18:15.225659;147;26527.100000000002;363;2025;11;0
2025-11-18 23:18:15.225659;137;28229.1;340;2025;11;1
2025-11-19 23:18:15.225659;135;28295.50001;337;2025;11;2
2025-11-20 23:18:15.225659;149;30422.4;371;2025;11;3
2025-11-21 23:18:15.225659;139;27118.0;348;2025;11;4
2025-11-22 23:18:15.225659;117;21577.6;271;2025;11;5
2025-11-23 23:18:15.225659;156;29613.50001;369;2025;11;6
2025-11-24 23:18:15.225659;139;29884.2;363;2025;11;0
2025-11-25 23:18:15.225659;136;26916.1;347;2025;11;1
2025-11-26 23:18:15.225659;132;25858.20001;321;2025;11;2
2025-11-27 23:18:15.225659;146;29807.1;349;2025;11;3
2025-11-28 23:18:15.225659;138;27430.00001;353;2025;11;4
2025-11-29 23:18:15.225659;127;26012.9;308;2025;11;5
2025-11-30 23:18:15.225659;144;29027.9;367;2025;11;6
2025-12-01 23:18:15.225659;144;26587.1;333;2025;12;0
2025-12-02 23:18:15.225659;113;21656.9;281;2025;12;1
2025-12-03 23:18:15.225659;128;22931.600010000002;308;2025;12;2
2025-12-04 23:18:15.225659;133;23767.5;308;2025;12;3
2025-12-05 23:18:15.225659;139;26922.1;346;2025;12;4
2025-12-06 23:18:15.225659;138;31239.4;352;2025;12;5
2025-12-07 23:18:15.225659;148;25013.5;344;2025;12;6
2025-12-08 23:18:15.225659;130;23146.70001;311;2025;12;0
2025-12-09 23:18:15.225659;146;28653.8;354;2025;12;1
2025-12-10 23:18:15.225659;112;23620.1;293;2025;12;2
2025-12-11 23:18:15.225659;140;26845.8;341;2025;12;3
2025-12-12 23:18:15.225659;121;23169.6;312;2025;12;4
2025-12-13 23:18:15.225659;127;24783.4;293;2025;12;5
2025-12-14 23:18:15.225659;140;27525.6;354;2025;12;6
2025-12-15 23:18:15.225659;147;32502.6;395;2025;12;0
2025-12-16 23:18:15.225659;152;27709.6;358;2025;12;1
2025-12-17 23:18:15.225659;156;28145.9;361;2025;12;2
2025-12-18 23:18:15.225659;127;25459.50002;327;2025;12;3
2025-12-19 23:18:15.225659;139;31273.5;365;2025;12;4
2025-12-20 23:18:15.225659;158;31151.40001;395;2025;12;5
2025-12-21 23:18:15.225659;142;29819.600000000002;365;2025;12;6
2025-12-22 23:18:15.225659;137;30578.5;357;2025;12;0
2025-12-23 23:18:15.225659;140;29601.7;340;2025;12;1
2025-12-24 23:18:15.225659;135;25075.8;339;2025;12;2
2025-12-25 23:18:15.225659;156;34286.6;398;2025;12;3
2025-12-26 23:18:15.225659;119;22579.2;290;2025;12;4
2025-12-27 23:18:15.225659;100;20794.0;245;2025;12;5
2025-12-28 23:18:15.225659;144;28380.600000000002;359;2025;12;6
2025-12-29 23:18:15.225659;137;29002.0;359;2025;12;0
2025-12-30 23:18:15.225659;144;30922.1;375;2025;12;1
2025-12-31 23:18:15.225659;145;30270.3;364;2025;12;2
2026-01-01 23:18:15.225659;142;33830.5;347;2026;1;3
2026-01-02 23:18:15.225659;143;28059.2;346;2026;1;4
2026-01-03 23:18:15.225659;132;23968.90001;336;2026;1;5
2026-01-04 23:18:15.225659;147;30468.8;380;2026;1;6
2026-01-05 23:18:15.225659;137;28791.4;352;2026;1;0
2026-01-06 23:18:15.225659;128;25341.3;311;2026;1;1
2026-01-07 23:18:15.225659;144;33769.5;380;2026;1;2
2026-01-08 23:18:15.225659;138;28018.5;339;2026;1;3
2026-01-09 23:18:15.225659;150;28048.70001;383;2026;1;4
2026-01-10 23:18:15.225659;140;23977.9;361;2026;1;5
2026-01-11 23:18:15.225659;149;28834.7;361;2026;1;6
2026-01-12 23:18:15.225659;149;32121.40001;386;2026;1;0
2026-01-13 23:18:15.225659;145;27736.0;356;2026;1;1
2026-01-14 23:18:15.225659;129;25798.10001;325;2026;1;2
2026-01-15 23:18:15.225659;130;26683.600000000002;310;2026;1;3
2026-01-16 23:18:15.225659;125;21725.0;291;2026;1;4
2026-01-17 23:18:15.225659;145;28678.40001;355;2026;1;5
2026-01-18 23:18:15.225659;159;26738.60001;398;2026;1;6
2026-01-19 23:18:15.225659;142;27989.6;358;2026;1;0
2026-01-20 23:18:15.225659;114;22061.3;296;2026;1;1
2026-01-21 23:18:15.225659;134;28125.00001;347;2026;1;2
2026-01-22 23:18:15.225659;142;28739.7;373;2026;1;3
2026-01-23 23:18:15.225659;140;26704.40001;337;2026;1;4
2026-01-24 23:18:15.225659;146;33184.7;364;2026;1;5
2026-01-25 23:18:15.225659;138;29256.8;354;2026;1;6
2026-01-26 23:18:15.225659;124;21609.8;305;2026;1;0
2026-01-27 23:18:15.225659;134;25892.5;346;2026;1;1
2026-01-28 23:18:15.225659;140;27082.100000000002;342;2026;1;2
2026-01-29 23:18:15.225659;129;25705.2;319;2026;1;3
2026-01-30 23:18:15.225659;147;26815.1;374;2026;1;4
2026-01-31 23:18:15.225659;145;30260.3;363;2026;1;5
2026-02-01 23:18:15.225659;130;27477.7;336;2026;2;6
2026-02-02 23:18:15.225659;141;26899.2;370;2026;2;0
2026-02-03 23:18:15.225659;147;26082.100000000002;343;2026;2;1
2026-02-04 23:18:15.225659;120;21108.4;305;2026;2;2
2026-02-05 23:18:15.225659;153;34113.5;400;2026;2;3
2026-02-06 23:18:15.225659;132;24141.00001;324;2026;2;4
2026-02-07 23:18:15.225659;156;30341.7;381;2026;2;5
2026-02-08 23:18:15.225659;145;28715.4;369;2026;2;6
2026-02-09 23:18:15.225659;125;24219.3;297;2026;2;0
2026-02-10 23:18:15.225659;146;27821.9;349;2026;2;1
2026-02-11 23:18:15.225659;128;24887.7;314;2026;2;2
2026-02-12 23:18:15.225659;147;27824.80001;377;2026;2;3
2026-02-13 23:18:15.225659;141;27936.20001;345;2026;2;4
2026-02-14 23:18:15.225659;133;28198.4;347;2026;2;5
2026-02-15 23:18:15.225659;127;23837.20001;313;2026;2;6
2026-02-16 23:18:15.225659;122;25904.00001;316;2026;2;0
2026-02-17 23:18:15.225659;137;27172.90001;327;2026;2;1
2026-02-18 23:18:15.225659;142;30295.3;360;2026;2;2
2026-02-19 23:18:15.225659;133;28223.5;318;2026;2;3
2026-02-20 23:18:15.225659;147;26217.2;363;2026;2;4
2026-02-21 23:18:15.225659;135;26400.2;346;2026;2;5
2026-02-22 23:18:15.225659;126;25411.3;311;2026;2;6
2026-02-23 23:18:15.225659;141;27090.1;328;2026;2;0
2026-02-24 23:18:15.225659;150;30269.30001;395;2026;2;1
2026-02-25 23:18:15.225659;124;23808.3;297;2026;2;2
2026-02-26 23:18:15.225659;118;24631.50001;288;2026;2;3
2026-02-27 23:18:15.225659;126;26610.3;311;2026;2;4
2026-02-28 23:18:15.225659;157;33726.30001;390;2026;2;5
2026-03-01 23:18:15.225659;121;24183.3;289;2026;3;6
2026-03-02 23:18:15.225659;134;28878.100010000002;340;2026;3;0
2026-03-03 23:18:15.225659;144;28545.5;360;2026;3;1
2026-03-04 23:18:15.225659;154;32293.5;367;2026;3;2
2026-03-05 23:18:15.225659;123;25650.6;335;2026;3;3
2026-03-06 23:18:15.225659;145;29937.3;381;2026;3;4
2026-03-07 23:18:15.225659;121;23484.5;319;2026;3;5
2026-03-08 23:18:15.225659;156;31211.4;404;2026;3;6
2026-03-09 23:18:15.225659;146;30804.5;361;2026;3;0
2026-03-10 23:18:15.225659;128;25741.4;321;2026;3;1
2026-03-11 23:18:15.225659;137;26623.6;351;2026;3;2
2026-03-12 23:18:15.225659;155;29740.7;372;2026;3;3
2026-03-13 23:18:15.225659;130;23069.7;309;2026;3;4
2026-03-14 23:18:15.225659;142;30396.4;386;2026;3;5
2026-03-15 23:18:15.225659;122;24132.60001;314;2026;3;6
2026-03-16 23:18:15.225659;141;27669.2;346;2026;3;0
2026-03-17 23:18:15.225659;142;24964.80001;322;2026;3;1
2026-03-18 23:18:15.225659;133;25580.4;309;2026;3;2
2026-03-19 23:18:15.225659;137;26622.50001;321;2026;3;3
2026-03-20 23:18:15.225659;149;31815.30001;385;2026;3;4
2026-03-21 23:18:15.225659;131;22824.3;319;2026;3;5
2026-03-22 23:18:15.225659;142;30406.0;359;2026;3;6
2026-03-23 23:18:15.225659;151;32626.8;399;2026;3;0
2026-03-24 23:18:15.225659;132;23205.100010000002;324;2026;3;1
2026-03-25 23:18:15.225659;137;26972.2;358;2026;3;2
2026-03-26 23:18:15.225659;144;26144.6;359;2026;3;3
2026-03-27 23:18:15.225659;135;25785.9;342;2026;3;4
2026-03-28 23:18:15.225659;156;28022.0;384;2026;3;5
2026-03-29 23:18:15.225659;138;28533.7;348;2026;3;6
2026-03-30 23:18:15.225659;130;24162.8;320;2026;3;0
