data_venda;vendas_dia;faturamento_dia;unidades_dia;ano;mes;dia_semana;faturamento_lag_1;faturamento_lag_7;faturamento_lag_14;faturamento_lag_30;faturamento_lag_365;media_movel_7d;media_movel_30d;variacao_7d;onda_sen_1;onda_cos_1;onda_sen_2;onda_cos_2;is_black_friday;is_verao;is_ferias;dia_0;dia_1;dia_2;dia_3;dia_4;dia_5;dia_6
2025-01-01 23:18:15.225659;128;22574.40001;298;2025;1;2;23689.8;26399.1;24388.3;26815.90001;23353.7;26339.40000142857;27650.423334333336;2432.679472128751;-0.9992500112396836;0.0387222808921752;-0.0773864792334646;-0.997001169925015;0;1;0;0;0;1;0;0;0;0
2025-01-02 23:18:15.225659;147;26065.6;364;2025;1;3;22574.40001;26904.3;28748.2;21903.0;32483.2;26219.585715714285;27789.176667666667;2420.844985938703;-0.9984354211555644;0.0559169901005998;-0.1116590071216879;-0.9937465804361788;0;1;0;0;0;0;1;0;0;0
2025-01-03 23:18:15.225659;139;26394.3;346;2025;1;4;26065.6;27166.1;30456.7;28906.3;27425.2;26109.328572857143;27705.44333433333;2387.902915516273;-0.9973249731081556;0.0730951298980772;-0.145799196919874;-0.9893142039703664;0;1;0;0;0;0;0;1;0;0
2025-01-04 23:18:15.225659;146;29327.70001;364;2025;1;5;26394.3;26953.9;32126.5;24794.8;23751.6;26448.442860000003;27856.54000133333;2678.68457509922;-0.9959189961471792;0.0902516100310402;-0.1797665857255605;-0.98370929377361;0;1;0;0;0;0;0;0;1;0
2025-01-05 23:18:15.225659;147;28695.7;357;2025;1;6;29327.70001;27275.9;29024.2;29815.1;27906.9;26651.271431428573;27819.226668;2802.6656848518583;-0.994217906893952;0.1073813466641616;-0.2135209154397934;-0.9769384927771824;0;1;0;0;0;0;0;0;0;1
2025-01-06 23:18:15.225659;143;30728.3;357;2025;1;0;28695.7;29811.4;27636.1;26259.6;27425.9;26782.257145714284;27968.183334666664;2990.1298250492573;-0.9922222094179324;0.1244792638867873;-0.2470221804809319;-0.9690098257244072;0;1;0;1;0;0;0;0;0;0
2025-01-07 23:18:15.225659;132;26021.8;335;2025;1;1;30728.3;23689.8;27661.1;32656.60001;25801.10001;27115.400002857143;27747.02333433333;2704.42147089497;-0.9899324950873528;0.1415402952170442;-0.2802306751992183;-0.959932689659744;0;1;0;0;1;0;0;0;0;0
2025-01-08 23:18:15.225659;142;28205.3;345;2025;1;2;26021.8;22574.40001;26399.1;31681.00001;33601.2;27919.814287142857;27631.16666733333;1822.13234228152;-0.9873494423939864;0.1585593851031351;-0.3131070409358276;-0.9497178427914312;0;1;0;0;0;1;0;0;0;0
2025-01-09 23:18:15.225659;141;26660.8;352;2025;1;3;28205.3;26065.6;26904.3;28100.2;25845.40001;28004.842858571425;27583.18666733333;1732.8875220087102;-0.9844738167520922;0.1755314904214281;-0.3456123126707334;-0.9383773917408642;0;1;0;0;0;0;1;0;0;0
2025-01-10 23:18:15.225659;160;32731.5;395;2025;1;4;26660.8;26394.3;27166.1;36377.2;19014.8;28910.15714428572;27461.663334;2310.3995587161726;-0.9813064702716094;0.1924515819708294;-0.3777079652039639;-0.9259247771938502;0;1;0;0;0;0;0;1;0;0
2025-01-11 23:18:15.225659;129;24320.80001;311;2025;1;5;32731.5;29327.70001;26953.9;24711.7;28152.2;28194.885715714285;27448.63333433333;2867.468136152252;-0.977848341505657;0.2093146459630475;-0.4093559588156196;-0.912374757970728;0;1;0;0;0;0;0;0;1;0
2025-01-12 23:18:15.225659;136;27293.2;330;2025;1;6;24320.80001;28695.7;27275.9;24026.0;28410.90001;27994.528572857143;27557.540001;2875.629274924362;-0.9741004551724208;0.2261156855082867;-0.4405187843504921;-0.8977433935342352;0;1;0;0;0;0;0;0;0;1
2025-01-13 23:18:15.225659;152;29338.00001;377;2025;1;0;27293.2;30728.3;29811.4;26647.2;23668.70001;27795.91428857143;27647.233334666667;2697.861443499019;-0.9700639218515076;0.2428497220959336;-0.4711595076738601;-0.8820480249558557;0;1;0;1;0;0;0;0;0;0
2025-01-14 23:18:15.225659;137;27161.00001;348;2025;1;1;29338.00001;26021.8;23689.8;30679.4;29052.7;27958.65714714285;27529.953335;2605.7940624699013;-0.9657399376548548;0.2595117970698006;-0.5012418134457772;-0.8653072543632052;0;1;0;0;1;0;0;0;0;0
2025-01-15 23:18:15.225659;151;27280.90001;367;2025;1;2;27161.00001;28205.3;22574.40001;20578.7;31670.3;27826.600005714285;27753.360002;2614.619940382885;-0.9611297838723006;0.2760969730974692;-0.5307300481619339;-0.8475409228928308;0;1;0;0;0;1;0;0;0;0
2025-01-16 23:18:15.225659;128;25809.6;318;2025;1;3;27280.90001;26660.8;26065.6;31559.9;27408.1;27705.00000571429;27561.68333533333;2696.3901190794195;-0.9562348265919056;0.2926003356333483;-0.5595892624101764;-0.8287700871745038;0;1;0;0;0;0;1;0;0;0
2025-01-17 23:18:15.225659;155;29879.8;407;2025;1;4;25809.6;32731.5;26394.3;24388.3;30630.7;27297.61429142857;27744.73333533333;1911.6061757405632;-0.9510565162951538;0.3090169943749468;-0.587785252292472;-0.8090169943749482;0;1;0;0;0;0;0;1;0;0
2025-01-18 23:18:15.225659;145;28281.4;345;2025;1;5;29879.8;24320.80001;29327.70001;28748.2;28698.1;27863.41429;27729.173335333337;1401.840017760314;-0.945596387427143;0.325342084711979;-0.6152845999633257;-0.7883050558305269;0;1;0;0;0;0;0;0;1;0
2025-01-19 23:18:15.225659;120;21975.7;271;2025;1;6;28281.4;27293.2;28695.7;30456.7;24767.1;27103.771432857146;27446.47333533333;2648.633828462571;-0.939856057941896;0.3415707691678538;-0.6420547132365609;-0.7666588193001614;0;1;0;0;0;0;0;0;0;1
2025-01-20 23:18:15.225659;132;26253.8;329;2025;1;0;21975.7;29338.00001;30728.3;32126.5;29186.7;26663.17143142857;27250.716668666668;2465.202578443839;-0.933837228822926;0.3576982388331233;-0.66806386421353;-0.7441039398713637;0;1;0;1;0;0;0;0;0;0
2025-01-21 23:18:15.225659;131;28681.80001;343;2025;1;1;26253.8;27161.00001;26021.8;29024.2;30325.3;26880.42857428572;27239.303335666667;2580.6964789349267;-0.9275416835791964;0.3737197147904696;-0.6932812268869785;-0.7206671495538601;0;1;0;0;1;0;0;0;0;0
2025-01-22 23:18:15.225659;135;26421.1;332;2025;1;2;28681.80001;27280.90001;28205.3;27636.1;21931.8;26757.60000142857;27198.803335666667;2578.919775748628;-0.9209712877166344;0.3896304495307881;-0.7176769136759622;-0.696376225596872;0;1;0;0;0;1;0;0;0;0
2025-01-23 23:18:15.225659;141;28491.9;360;2025;1;3;26421.1;25809.6;26660.8;27661.1;23767.7;27140.785715714283;27226.496669;2613.6257287336844;-0.914127988185334;0.4054257283599968;-0.7412220108485953;-0.6712599575675321;0;1;0;0;0;0;1;0;0;0
2025-01-24 23:18:15.225659;127;23219.20001;315;2025;1;4;28491.9;29879.8;32731.5;26399.1;30792.1;26189.271431428573;27120.500002666664;2662.242659386212;-0.9070138128026364;0.4211008707960887;-0.7638886127905415;-0.6453481132295515;0;1;0;0;0;0;0;1;0;0
2025-01-25 23:18:15.225659;148;30662.2;349;2025;1;5;23219.20001;28281.4;24320.80001;26904.3;24595.7;26529.385717142857;27245.763336;3091.5357511927086;-0.899630869652244;0.4366512319560626;-0.7856498550787125;-0.6186714032625057;0;1;0;0;0;0;0;0;1;0
2025-01-26 23:18:15.225659;154;27118.7;355;2025;1;6;30662.2;21975.7;27293.2;27166.1;23573.3;27264.10000285714;27244.183336;2351.5300674049254;-0.8919813464595494;0.4520722039323024;-0.8064799463209423;-0.5912614448635815;0;1;0;0;0;0;0;0;0;1
2025-01-27 23:18:15.225659;132;27647.9;327;2025;1;0;27118.7;26253.8;29338.00001;26953.9;23637.9;27463.257145714284;27267.316669333333;2310.379237146764;-0.8840675099433648;0.467359217158;-0.8263541987239067;-0.5631507242749227;0;1;0;1;0;0;0;0;0;0
2025-01-28 23:18:15.225659;114;21863.40001;277;2025;1;1;27647.9;28681.80001;27161.00001;27275.9;28618.1;26489.200002857146;27086.900003;3034.774986773703;-0.8758917051442444;0.4825077417612156;-0.8452490573530599;-0.5343725582809841;0;1;0;0;1;0;0;0;0;0
2025-01-29 23:18:15.225659;134;27785.80001;334;2025;1;2;21863.40001;26421.1;27280.90001;29811.4;26849.7;26684.15714714285;27019.38000333333;3073.261873901559;-0.8674563547295969;0.4975132889071806;-0.8631421280499114;-0.5049610547215205;0;1;0;0;0;1;0;0;0;0
2025-01-30 23:18:15.225659;139;29352.7;350;2025;1;3;27785.80001;28491.9;25809.6;23689.8;22472.20001;26807.128575714283;27208.143336666668;3173.2466077931963;-0.8587639582758033;0.5123714121284231;-0.8800122039735351;-0.4749510720670512;0;1;0;0;0;0;1;0;0;0
2025-01-31 23:18:15.225659;148;30392.7;398;2025;1;4;29352.7;23219.20001;29879.8;22574.40001;28721.7;27831.91428857143;27468.75333633333;2973.459123318598;-0.8498170915275285;0.5270777086423712;-0.8958392907349079;-0.4443781781046153;0;1;0;0;0;0;0;1;0;0
2025-02-01 23:18:15.225659;155;30561.6;387;2025;2;5;30392.7;30662.2;28281.4;26065.6;27740.6;27817.54286;27618.620003;2957.701135945108;-0.8406184056344771;0.541627820655983;-0.910604630094218;-0.4132786077829006;0;1;0;0;0;0;0;0;1;0
2025-02-02 23:18:15.225659;138;25219.3;339;2025;2;6;30561.6;27118.7;21975.7;26394.3;33623.0;27546.200002857146;27579.453336333336;3115.4205722271427;-0.8311706263658072;0.5560174366570456;-0.9242907221930944;-0.3816892202666564;0;1;0;0;0;0;0;0;0;1
2025-02-03 23:18:15.225659;129;27098.50001;321;2025;2;0;25219.3;27647.9;26253.8;29327.70001;27807.4;27467.71429;27505.14666966667;3119.34940854294;-0.8214765533024158;0.5702422926917848;-0.9368813462954296;-0.3496474552512335;0;1;0;1;0;0;0;0;0;0
2025-02-04 23:18:15.225659;129;27935.3;314;2025;2;1;27098.50001;21863.40001;28681.80001;28695.7;27431.6;28335.128574285714;27479.800003;1911.6088101634728;-0.8115390590073629;0.5842981736283658;-0.9483615800121696;-0.3171912885891121;0;1;0;0;1;0;0;0;0;0
2025-02-05 23:18:15.225659;130;25161.2;318;2025;2;2;27935.3;27785.80001;26421.1;30728.3;31939.00001;27960.185715714288;27294.230003;2262.5013867892094;-0.8013610881746767;0.5981809144059161;-0.9587178169872964;-0.2843591872810039;0;1;0;0;0;1;0;0;0;0
2025-02-06 23:18:15.225659;119;24304.3;295;2025;2;3;25161.2;29352.7;28491.9;26021.8;27092.5;27238.985715714287;27236.980003;2533.080252899032;-0.7909456567567776;0.6118864012687237;-0.967937783024064;-0.2511900638848208;0;1;0;0;0;0;1;0;0;0
2025-02-07 23:18:15.225659;139;27671.6;341;2025;2;4;24304.3;30392.7;23219.20001;28205.3;22601.80001;26850.257144285715;27219.190003000003;2147.962034972837;-0.7802958510707764;0.6254105729852453;-0.9760105506323676;-0.2177232303965343;0;1;0;0;0;0;0;1;0;0
2025-02-08 23:18:15.225659;140;29609.7;367;2025;2;5;27671.6;30561.6;30662.2;26660.8;24414.1;26714.27143;27317.486669666665;1888.27344868138;-0.769414826883939;0.6387494220515257;-0.9829265519799816;-0.1839983516576837;0;1;0;0;0;0;0;0;1;0
2025-02-09 23:18:15.225659;131;25410.0;310;2025;2;6;29609.7;25219.3;27118.7;32731.5;28134.4;26741.51428714285;27073.436669666666;1864.334057856911;-0.7583058084785618;0.6518989958787135;-0.9886775902323408;-0.1500553983446503;0;1;0;0;0;0;0;0;0;1
2025-02-10 23:18:15.225659;129;25430.8;316;2025;2;0;25410.0;27098.50001;27647.9;24320.80001;28015.3;26503.27142857143;27110.43666933333;1916.927419695632;-0.7469720876965549;0.6648553979642869;-0.9932568492674144;-0.1159345995954992;0;1;0;1;0;0;0;0;0;0
2025-02-11 23:18:15.225659;134;28648.3;328;2025;2;1;25430.8;27935.3;21863.40001;27293.2;27058.3;26605.12857142857;27155.606669333338;2021.7765287936656;-0.7354170229639855;0.677614789046689;-0.9966589017541702;-0.0816763953304223;0;1;0;0;1;0;0;0;0;0
2025-02-12 23:18:15.225659;141;27887.7;338;2025;2;2;28648.3;25161.2;27785.80001;29338.00001;23251.2;26994.628571428573;27107.263335666667;1958.8929694381825;-0.7236440382959127;0.6901733882429716;-0.9988797155850336;-0.0473213883224326;0;1;0;0;0;1;0;0;0;0
2025-02-13 23:18:15.225659;118;23330.30001;283;2025;2;3;27887.7;24304.3;29352.7;27161.00001;29363.2;26855.485715714283;26979.573335666668;2201.4192709124395;-0.7116566222817754;0.7025274741691563;-0.999916658654738;-0.0129102960750109;0;1;0;0;0;0;1;0;0;0
2025-02-14 23:18:15.225659;129;23696.6;307;2025;2;4;23330.30001;27671.6;30392.7;27280.90001;28984.20001;26287.628572857146;26860.09666866667;2454.0023477012346;-0.6994583270516481;0.7146733860429599;-0.9997685019798908;0.0215160974362192;0;1;0;0;0;0;0;1;0;0
2025-02-15 23:18:15.225659;118;22494.6;280;2025;2;5;23696.6;29609.7;30561.6;25809.6;24227.5;25271.185715714288;26749.59666866667;2318.461406110848;-0.6870527672236685;0.7266075247685642;-0.9984354211555644;0.0559169901005991;0;1;0;0;0;0;0;0;1;0
2025-02-16 23:18:15.225659;162;36693.9;445;2025;2;6;22494.6;25410.0;25219.3;29879.8;29610.7;26883.17143;26976.73333533333;4907.837717420789;-0.6744436188329448;0.7383263540031071;-0.9959189961471788;0.090251610031043;0;1;0;0;0;0;0;0;0;1
2025-02-17 23:18:15.225659;125;27049.20002;312;2025;2;0;36693.9;25430.8;27098.50001;28281.4;29056.4;27114.37143285714;26935.660002666664;4865.957168533201;-0.661634618242278;0.7498264012045689;-0.9922222094179322;0.1244792638867901;0;1;0;1;0;0;0;0;0;0
2025-02-18 23:18:15.225659;133;26514.2;332;2025;2;1;27049.20002;28648.3;27935.3;21975.7;23975.0;26809.50000428572;27086.943336;4820.475041943554;-0.6486295610349815;0.7611042586607746;-0.9873494423939864;0.1585593851031344;0;1;0;0;1;0;0;0;0;0
2025-02-19 23:18:15.225659;126;26643.90001;338;2025;2;2;26514.2;27887.7;25161.2;26253.8;28728.3;26631.81429142857;27099.946669666668;4796.974400937158;-0.635432300890178;0.7721565844991639;-0.9813064702716096;0.1924515819708287;0;1;0;0;0;1;0;0;0;0
2025-02-20 23:18:15.225659;133;28092.4;349;2025;2;3;26643.90001;23330.30001;24304.3;28681.80001;24810.3;27312.11429;27080.300002666663;4583.656434636202;-0.6220467484408684;0.7829801036770622;-0.974100455172421;0.2261156855082859;0;1;0;0;0;0;1;0;0;0
2025-02-21 23:18:15.225659;143;25879.90001;358;2025;2;4;28092.4;23696.6;27671.6;26421.1;31825.50001;27624.01429142857;27062.260003;4365.7332479034;-0.6084768701151275;0.7935716089521463;-0.9657399376548558;0.2595117970697965;0;1;0;0;0;0;0;1;0;0
2025-02-22 23:18:15.225659;128;25155.0;310;2025;2;5;25879.90001;22494.6;29609.7;28491.9;33170.0;28004.07143428572;26951.030003;3939.792662192706;-0.5947266869607651;0.80392796183282;-0.956234826591907;0.2926003356333442;0;1;0;0;0;0;0;0;1;0
2025-02-23 23:18:15.225659;131;26019.40001;320;2025;2;6;25155.0;36693.9;25410.0;23219.20001;32525.20001;26479.14286428572;27044.370003000004;938.0607196108176;-0.5808002734538003;0.8140460935082183;-0.945596387427142;0.3253420847119816;0;1;0;0;0;0;0;0;0;1
2025-02-24 23:18:15.225659;121;24186.3;326;2025;2;0;26019.40001;27049.20002;25430.8;30662.2;31670.5;26070.15714714286;26828.506669666665;1227.5331294780617;-0.5667017562911174;0.8239230057575544;-0.933837228822925;0.3576982388331259;0;1;0;1;0;0;0;0;0;0
2025-02-25 23:18:15.225659;149;29517.3;383;2025;2;1;24186.3;26514.2;28648.3;27118.7;28767.4;26499.171432857143;26908.460003;1799.920021149063;-0.5524353131676198;0.8335557718385698;-0.9209712877166348;0.3896304495307874;0;1;0;0;1;0;0;0;0;0
2025-02-26 23:18:15.225659;147;28968.10001;365;2025;2;2;29517.3;26643.90001;27887.7;27647.9;24831.80001;26831.200004285714;26952.46667;2030.64988150248;-0.5380051715383003;0.8429415373547824;-0.9070138128026366;0.421100870796088;0;1;0;0;0;1;0;0;0;0
2025-02-27 23:18:15.225659;136;30313.7;343;2025;2;3;28968.10001;28092.4;23330.30001;21863.40001;29589.2;27148.52857571429;27234.14333633333;2400.469831884388;-0.5234156073655514;0.8520775211013085;-0.8919813464595497;0.4520722039323018;0;1;0;0;0;0;1;0;0;0
2025-02-28 23:18:15.225659;135;26082.0;319;2025;2;4;30313.7;25879.90001;23696.6;27785.80001;22881.6;27177.400002857143;27177.350002666662;2383.82613783858;-0.5086709438521061;0.8609610158889934;-0.8758917051442447;0.482507741761215;0;1;0;0;0;0;0;1;0;0
2025-03-01 23:18:15.225659;111;20487.00001;267;2025;3;5;26082.0;25155.0;22494.6;29352.7;27251.3;26510.542861428574;26881.826669666665;3455.773514376589;-0.4937755501599793;0.8695893893466098;-0.8587639582758055;0.5123714121284194;0;1;0;0;0;0;0;0;1;0
2025-03-02 23:18:15.225659;150;30433.5;387;2025;3;6;20487.00001;26019.40001;36693.9;30392.7;33696.6;27141.128574285714;26883.186669666666;3742.083343935188;-0.478733840115791;0.8779600847008867;-0.8406184056344813;0.5416278206559764;0;1;0;0;0;0;0;0;0;1
2025-03-03 23:18:15.225659;143;30564.5;350;2025;3;0;30433.5;24186.3;27049.20002;30561.6;28239.40001;28052.300002857144;26883.28333633333;3678.676232174895;-0.4635502709028508;0.886070621534138;-0.8214765533024142;0.5702422926917872;0;1;0;1;0;0;0;0;0;0
2025-03-04 23:18:15.225659;152;29347.3;352;2025;3;1;30564.5;29517.3;26514.2;25219.3;28909.00001;28028.014288571427;27020.88333633333;3667.938211869482;-0.448229341740411;0.8939185965192568;-0.8013610881746771;0.5981809144059156;0;1;0;0;1;0;0;0;0;0
2025-03-05 23:18:15.225659;128;27883.9;337;2025;3;2;29347.3;28968.10001;26643.90001;27098.50001;30478.50001;27873.128572857146;27047.063336000003;3644.441087157352;-0.4327755925504321;0.9015016841318836;-0.7802958510707768;0.6254105729852447;0;1;0;0;0;1;0;0;0;0
2025-03-06 23:18:15.225659;138;26990.5;332;2025;3;3;27883.9;30313.7;28092.4;27935.3;28361.5;27398.385715714285;27015.570002666667;3486.561913746937;-0.417193602612315;0.9088176373395038;-0.7583058084785599;0.6518989958787156;0;1;0;0;0;0;1;0;0;0
2025-03-07 23:18:15.225659;136;27533.4;357;2025;3;4;26990.5;26082.0;25879.90001;25161.2;28735.5;27605.72857285714;27094.643336;3438.0494458319386;-0.4014879892059749;0.9158642882672864;-0.7354170229639884;0.6776147890466858;0;1;0;0;0;0;0;1;0;0
2025-03-08 23:18:15.225659;145;30266.7;391;2025;3;5;27533.4;20487.00001;25155.0;24304.3;26712.7;29002.82857142857;27293.390002666667;1508.9929144016955;-0.3856634062436095;0.9226395488404866;-0.7116566222817784;0.7025274741691532;0;1;0;0;0;0;0;0;1;0
2025-03-09 23:18:15.225659;134;25522.1;337;2025;3;6;30266.7;30433.5;26019.40001;27671.6;23221.3;28301.2;27221.740002666666;1838.7056035882515;-0.3697245428906761;0.9291414114031732;-0.6870527672236716;0.7266075247685612;0;1;0;0;0;0;0;0;0;1
2025-03-10 23:18:15.225659;140;27358.8;343;2025;3;0;25522.1;30564.5;24186.3;29609.7;31131.1;27843.242857142857;27146.71000266667;1558.981902671505;-0.3536761221763717;0.9353679493131482;-0.6616346182422785;0.7498264012045683;0;1;0;1;0;0;0;0;0;0
2025-03-11 23:18:15.225659;140;25904.4;334;2025;3;1;27358.8;29347.3;29517.3;25410.0;27711.0;27351.4;27163.190002666663;1548.445747623534;-0.3375228995941139;0.9413173175128468;-0.6354323008901785;0.7721565844991634;0;1;0;0;1;0;0;0;0;0
2025-03-12 23:18:15.225659;140;28624.1;346;2025;3;2;25904.4;27883.9;28968.10001;25430.8;25606.3;27457.14285714286;27269.633336000003;1614.7261675561458;-0.3212696616923656;0.9469877530760747;-0.6084768701151281;0.7935716089521458;0;1;0;0;0;1;0;0;0;0
2025-03-13 23:18:15.225659;132;23158.10001;325;2025;3;3;28624.1;26990.5;30313.7;28648.3;26363.60001;26909.65714428572;27086.626669666668;2302.5302452632363;-0.3049212246562907;0.9523775757303968;-0.5808002734538037;0.8140460935082158;0;1;0;0;0;0;1;0;0;0
2025-03-14 23:18:15.225659;148;24591.9;354;2025;3;4;23158.10001;27533.4;26082.0;27887.7;30024.7;26489.442858571427;26976.766669666667;2434.363568112341;-0.2884824328806077;0.9574851883550396;-0.5524353131676175;0.8335557718385713;0;1;0;0;0;0;0;1;0;0
2025-03-15 23:18:15.225659;144;28597.3;353;2025;3;5;24591.9;30266.7;20487.00001;23330.30001;28850.1;26250.95714428571;27152.333336;2054.832436610726;-0.2719581575341048;0.9623090774541488;-0.523415607365549;0.85207752110131;0;1;0;0;0;0;0;0;1;0
2025-03-16 23:18:15.225659;139;27781.2;361;2025;3;6;28597.3;25522.1;30433.5;23696.6;27245.4;26573.685715714288;27288.48666933333;2098.227521832798;-0.2553532951161868;0.9668478136052776;-0.4937755501599769;0.8695893893466112;0;1;0;0;0;0;0;0;0;1
2025-03-17 23:18:15.225659;129;24226.6;290;2025;3;0;27781.2;27358.8;30564.5;22494.6;26116.4;26126.22857285714;27346.220002666665;2232.570792267769;-0.2386727660059504;0.9711000518829505;-0.4635502709028515;0.8860706215341376;0;1;0;1;0;0;0;0;0;0
2025-03-18 23:18:15.225659;128;26167.1;318;2025;3;1;24226.6;25904.4;29347.3;36693.9;26032.1;26163.757144285715;26995.32666933333;2230.4273827015527;-0.2219215130041663;0.9750645322571946;-0.4327755925504328;0.9015016841318833;0;1;0;0;1;0;0;0;0;0
2025-03-19 23:18:15.225659;146;35674.3;383;2025;3;2;26167.1;28624.1;27883.9;27049.20002;29217.5;27170.92857285714;27282.830002;4225.817796475011;-0.2051044998686206;0.9787400799669148;-0.4014879892059756;0.915864288267286;0;1;0;0;0;1;0;0;0;0
2025-03-20 23:18:15.225659;157;28290.60001;397;2025;3;3;35674.3;23158.10001;26990.5;26514.2;25089.9;27904.142858571427;27342.043335666665;3841.285918041701;-0.1882267098432461;0.982125605868;-0.3697245428906768;0.9291414114031727;0;1;0;0;0;0;1;0;0;0
2025-03-21 23:18:15.225659;156;29146.6;375;2025;3;4;28290.60001;24591.9;27533.4;26643.90001;26080.7;28554.814287142857;27425.466668666668;3562.3493854311096;-0.1712931441814765;0.9852201067560608;-0.3375228995941112;0.9413173175128478;0;1;0;0;0;0;0;1;0;0
2025-03-22 23:18:15.225659;135;29848.4;339;2025;3;5;29146.6;28597.3;30266.7;28092.4;21967.5;28733.54285857143;27484.000002000004;3596.0615147752364;-0.1543088206642806;0.9880226656636976;-0.304921224656288;0.9523775757303976;0;1;0;0;0;0;0;0;1;0
2025-03-23 23:18:15.225659;153;29354.2;391;2025;3;6;29848.4;27781.2;25522.1;25879.90001;28624.9;28958.257144285715;27599.810001666665;3575.7221485967293;-0.1372787721132647;0.9905324521322229;-0.2719581575341055;0.9623090774541486;0;1;0;0;0;0;0;0;0;1
2025-03-24 23:18:15.225659;127;23695.8;298;2025;3;0;29354.2;24226.6;27358.8;25155.0;28234.7;28882.42857285714;27551.170001666665;3696.380196950584;-0.1202080448993532;0.9927487224577402;-0.2386727660059511;0.97110005188295;0;1;0;1;0;0;0;0;0;0
2025-03-25 23:18:15.225659;117;22696.8;280;2025;3;1;23695.8;26167.1;25904.4;26019.40001;26907.1;28386.671429999995;27440.416668;4304.027666662267;-0.1031016974474359;0.994670819911521;-0.2051044998686213;0.9787400799669148;0;1;0;0;1;0;0;0;0;0
2025-03-26 23:18:15.225659;131;26058.1;331;2025;3;2;22696.8;35674.3;28624.1;24186.3;23857.1;27012.92857285714;27502.81000133333;2893.972287354047;-0.085964798737448;0.9962981749346076;-0.1712931441814807;0.98522010675606;0;1;0;0;0;1;0;0;0;0
2025-03-27 23:18:15.225659;128;27148.9;313;2025;3;3;26058.1;28290.60001;23158.10001;29517.3;33395.1;26849.82857142857;27423.863334666665;2841.662842254096;-0.068802426802322;0.9976303053065856;-0.137278772113269;0.9905324521322224;0;1;0;0;0;0;1;0;0;0
2025-03-28 23:18:15.225659;155;30450.2;371;2025;3;4;27148.9;29146.6;24591.9;28968.10001;28142.5;27036.057142857146;27473.26666766667;3052.1859411778696;-0.0516196672232528;0.998666816288476;-0.1031016974474331;0.9946708199115212;0;1;0;0;0;0;0;1;0;0
2025-03-29 23:18:15.225659;120;23373.4;298;2025;3;5;30450.2;29848.4;28597.3;30313.7;21888.8;26111.057142857146;27241.923334333333;3038.953880234183;-0.0344216116227454;0.9994074007397048;-0.0688024268023192;0.9976303053065858;0;1;0;0;0;0;0;0;1;0
2025-03-30 23:18:15.225659;129;25211.3;321;2025;3;6;23373.4;29354.2;27781.2;26082.0;28994.60001;25519.214285714286;27212.900001;2684.8676462900544;-0.0172133561558348;0.9998518392091162;-0.0344216116227461;0.9994074007397048;0;1;0;0;0;0;0;0;0;1
2025-03-31 23:18:15.225659;136;27415.00001;325;2025;3;0;25211.3;23695.8;24226.6;20487.00001;27309.40001;26050.528572857143;27443.83333433333;2631.3553358670074;-7.34788079488412e-16;1.0;-1.469576158976824e-15;1.0;0;1;0;1;0;0;0;0;0;0
2025-04-01 23:18:15.225659;129;26379.4;322;2025;4;1;27415.00001;22696.8;26167.1;30433.5;29532.1;26576.614287142853;27308.696667666667;2178.205807744031;0.0172133561558334;0.9998518392091162;0.0344216116227432;0.9994074007397048;0;0;0;0;1;0;0;0;0;0
2025-04-02 23:18:15.225659;140;26408.00001;357;2025;4;2;26379.4;26058.1;35674.3;30564.5;35175.3;26626.600002857147;27170.146668;2168.3160498182247;0.0344216116227439;0.9994074007397048;0.0688024268023162;0.997630305306586;0;0;0;0;0;1;0;0;0;0
2025-04-03 23:18:15.225659;151;30746.5;371;2025;4;3;26408.00001;27148.9;28290.60001;29347.3;31122.00001;27140.542860000005;27216.786668;2678.9732121337493;0.0516196672232514;0.998666816288476;0.1031016974474302;0.9946708199115216;0;0;0;0;0;0;1;0;0;0
2025-04-04 23:18:15.225659;127;27266.0;333;2025;4;4;30746.5;30450.2;29146.6;27883.9;30981.8;26685.65714571429;27196.19000133333;2261.0781663539947;0.0688024268023205;0.9976303053065856;0.1372787721132661;0.9905324521322226;0;0;0;0;0;0;0;1;0;0
2025-04-05 23:18:15.225659;135;26265.3;328;2025;4;5;27266.0;23373.4;29848.4;26990.5;23997.9;27098.78571714286;27172.016668;1764.7366687922652;0.0859647987374466;0.9962981749346078;0.1712931441814778;0.9852201067560606;0;0;0;0;0;0;0;0;1;0
2025-04-06 23:18:15.225659;143;30464.6;375;2025;4;6;26265.3;25211.3;29354.2;27533.4;34113.9;27849.257145714284;27269.72333466667;1936.897216324479;0.1031016974474344;0.9946708199115212;0.2051044998686184;0.9787400799669154;0;0;0;0;0;0;0;0;0;1
2025-04-07 23:18:15.225659;125;26358.3;320;2025;4;0;30464.6;27415.00001;23695.8;30266.7;26477.40001;27698.30000142857;27139.443334666663;2015.9481844446643;0.1202080448993517;0.9927487224577404;0.2386727660059483;0.9711000518829508;0;0;0;1;0;0;0;0;0;0
2025-04-08 23:18:15.225659;141;30096.2;349;2025;4;1;26358.3;26379.4;22696.8;25522.1;24367.30001;28229.27143;27291.913334666668;2098.45955714587;0.1372787721132633;0.9905324521322232;0.2719581575341027;0.9623090774541494;0;0;0;0;1;0;0;0;0;0
2025-04-09 23:18:15.225659;155;34221.90001;390;2025;4;2;30096.2;26408.00001;26058.1;27358.8;30951.8;29345.54285857143;27520.683335;2895.2066556831314;0.1543088206642791;0.988022665663698;0.3049212246562852;0.9523775757303986;0;0;0;0;0;1;0;0;0;0
2025-04-10 23:18:15.225659;126;26115.9;322;2025;4;3;34221.90001;30746.5;27148.9;25904.4;24512.6;28684.028572857143;27527.733335;3046.802518079244;0.1712931441814751;0.9852201067560612;0.3375228995941084;0.9413173175128488;0;0;0;0;0;0;1;0;0;0
2025-04-11 23:18:15.225659;144;27308.9;367;2025;4;4;26115.9;27266.0;30450.2;28624.1;31711.80001;28690.15714428572;27483.893335;3043.5161723402184;0.1882267098432412;0.9821256058680012;0.3697245428906675;0.9291414114031764;0;0;0;0;0;0;0;1;0;0
2025-04-12 23:18:15.225659;144;30909.00002;386;2025;4;5;27308.9;26265.3;23373.4;23158.10001;27038.30001;29353.542861428574;27742.25666866667;2930.890405568749;0.2051044998686191;0.9787400799669153;0.4014879892059729;0.9158642882672872;0;0;0;0;0;0;0;0;1;0
2025-04-13 23:18:15.225659;132;24625.2;326;2025;4;6;30909.00002;30464.6;25211.3;24591.9;27438.2;28519.34286142857;27743.366668666666;3361.355435603848;0.2219215130041649;0.9750645322571948;0.4327755925504301;0.9015016841318844;0;0;0;0;0;0;0;0;0;1
2025-04-14 23:18:15.225659;126;22138.9;310;2025;4;0;24625.2;26358.3;27415.00001;28597.3;23925.1;27916.571432857145;27528.086668666667;4108.707689774851;0.238672766005949;0.9711000518829508;0.4635502709028489;0.886070621534139;0;0;0;1;0;0;0;0;0;0
2025-04-15 23:18:15.225659;142;24584.6;343;2025;4;1;22138.9;30096.2;26379.4;27781.2;26059.3;27129.200004285714;27421.533335333334;4149.306163947696;0.2553532951161888;0.966847813605277;0.4937755501599805;0.8695893893466091;0;0;0;0;1;0;0;0;0;0
2025-04-16 23:18:15.225659;129;28122.2;331;2025;4;2;24584.6;34221.90001;26408.00001;24226.6;24577.5;26257.814288571422;27551.38666866667;2847.949964875859;0.2719581575341068;0.9623090774541484;0.5234156073655526;0.8520775211013079;0;0;0;0;0;1;0;0;0;0
2025-04-17 23:18:15.225659;126;23023.80001;328;2025;4;3;28122.2;26115.9;30746.5;26167.1;30743.3;25816.08571857143;27446.61000233333;3102.089451655707;0.2884824328806097;0.957485188355039;0.5524353131676211;0.833555771838569;0;0;0;0;0;0;1;0;0;0
2025-04-18 23:18:15.225659;146;28493.4;362;2025;4;4;23023.80001;27308.9;27266.0;35674.3;29091.3;25985.30000428572;27207.246669;3226.887994072035;0.3049212246562859;0.9523775757303984;0.5808002734537956;0.8140460935082215;0;0;0;0;0;0;0;1;0;0
2025-04-19 23:18:15.225659;137;27288.60001;356;2025;4;5;28493.4;30909.00002;26265.3;28290.60001;27440.2;25468.10000285714;27173.846669;2518.6019576848294;0.3212696616923642;0.9469877530760752;0.6084768701151257;0.7935716089521477;0;0;0;0;0;0;0;0;1;0
2025-04-20 23:18:15.225659;133;24343.5;304;2025;4;6;27288.60001;24625.2;30464.6;29146.6;25010.70001;25427.85714571429;27013.743335666662;2536.50163500426;0.3375228995941125;0.9413173175128472;0.6354323008901762;0.7721565844991652;0;0;0;0;0;0;0;0;0;1
2025-04-21 23:18:15.225659;126;25854.9;321;2025;4;0;24343.5;22138.9;26358.3;29848.4;29046.3;25958.714288571424;26880.626669;2081.486032320431;0.3536761221763703;0.9353679493131488;0.6616346182422763;0.7498264012045703;0;0;0;1;0;0;0;0;0;0
2025-04-22 23:18:15.225659;153;29241.0;387;2025;4;1;25854.9;24584.6;30096.2;29354.2;28364.1;26623.91428857143;26876.853335666667;2301.5674640652574;0.3697245428906714;0.929141411403175;0.6870527672236644;0.7266075247685682;0;0;0;0;1;0;0;0;0;0
2025-04-23 23:18:15.225659;140;26885.8;329;2025;4;2;29241.0;28122.2;34221.90001;23695.8;27093.7;26447.28571714286;26983.186669;2213.165803283;0.3856634062436082;0.9226395488404872;0.7116566222817763;0.7025274741691553;0;0;0;0;0;1;0;0;0;0
2025-04-24 23:18:15.225659;137;26514.8;326;2025;4;3;26885.8;23023.80001;26115.9;22696.8;27170.3;26946.00000142857;27110.45333566667;1629.514726682557;0.4014879892059736;0.9158642882672868;0.7354170229639865;0.677614789046688;0;0;0;0;0;0;1;0;0;0
2025-04-25 23:18:15.225659;156;29873.60001;395;2025;4;4;26514.8;28493.4;27308.9;26058.1;22010.3;27143.17143142857;27237.636669333333;1907.711041702548;0.4171936026123169;0.9088176373395028;0.7583058084785627;0.6518989958787125;0;0;0;0;0;0;0;1;0;0
2025-04-26 23:18:15.225659;131;24487.40001;313;2025;4;5;29873.60001;27288.60001;30909.00002;27148.9;33571.5;26743.000002857145;27148.920003;2150.472067457897;0.4327755925504308;0.9015016841318844;0.7802958510707749;0.625410572985247;0;0;0;0;0;0;0;0;1;0
2025-04-27 23:18:15.225659;151;29642.3;353;2025;4;6;24487.40001;24343.5;24625.2;30450.2;26367.60001;27499.97143142857;27121.990003;2097.001060304416;0.4482293417404097;0.8939185965192574;0.8013610881746753;0.5981809144059179;0;0;0;0;0;0;0;0;0;1
2025-04-28 23:18:15.225659;122;20107.80002;294;2025;4;0;29642.3;25854.9;22138.9;23373.4;31754.2;26678.95714857143;27013.136670333333;3502.474546049743;0.4635502709028495;0.8860706215341386;0.8214765533024125;0.5702422926917896;0;0;0;1;0;0;0;0;0;0
2025-04-29 23:18:15.225659;153;29069.8;382;2025;4;1;20107.80002;29241.0;24584.6;25211.3;28463.9;26654.50000571429;27141.753337;3482.141261235004;0.4787338401157867;0.8779600847008892;0.840618405634476;0.5416278206559848;0;0;0;0;1;0;0;0;0;0
2025-04-30 23:18:15.225659;138;27856.7;346;2025;4;2;29069.8;26885.8;28122.2;27415.00001;30615.30001;26793.200005714283;27156.47667;3512.097376404302;0.4937755501599781;0.8695893893466105;0.858763958275804;0.512371412128422;0;0;0;0;0;1;0;0;0;0
2025-05-01 23:18:15.225659;117;25594.10001;297;2025;5;3;27856.7;26514.8;23023.80001;26379.4;24583.6;26661.671435714285;27130.300003666667;3541.37929276933;0.5086709438521049;0.8609610158889941;0.8758917051442434;0.4825077417612176;0;0;0;0;0;0;1;0;0;0
2025-05-02 23:18:15.225659;152;31789.2;387;2025;5;4;25594.10001;29873.60001;28493.4;26408.00001;23261.8;26935.328577142856;27309.673336666667;3887.995416779736;0.5234156073655502;0.8520775211013093;0.8919813464595484;0.4520722039323044;0;0;0;0;0;0;0;1;0;0
2025-05-03 23:18:15.225659;116;24931.5;303;2025;5;5;31789.2;24487.40001;27288.60001;30746.5;25443.8;26998.771432857146;27115.84000333333;3844.776757510407;0.5380051715382991;0.8429415373547832;0.9070138128026354;0.4211008707960907;0;0;0;0;0;0;0;0;1;0
2025-05-04 23:18:15.225659;155;31098.7;376;2025;5;6;24931.5;29642.3;24343.5;27266.0;24086.2;27206.828575714288;27243.596670000003;4045.821021706021;0.5524353131676187;0.8335557718385705;0.9209712877166336;0.3896304495307901;0;0;0;0;0;0;0;0;0;1
2025-05-05 23:18:15.225659;136;27960.0;344;2025;5;0;31098.7;20107.80002;25854.9;26265.3;25394.60001;28328.571430000004;27300.08667;2568.232789928936;0.5667017562911162;0.8239230057575552;0.933837228822924;0.3576982388331287;0;0;0;1;0;0;0;0;0;0
2025-05-06 23:18:15.225659;106;17675.6;250;2025;5;1;27960.0;29069.8;29241.0;30464.6;31066.1;26700.828572857143;26873.78667;4725.189075796351;0.580800273453799;0.8140460935082191;0.9455963874271412;0.3253420847119844;0;0;0;0;1;0;0;0;0;0
2025-05-07 23:18:15.225659;140;30040.4;351;2025;5;2;17675.6;27856.7;26885.8;26358.3;33096.00001;27012.78571571429;26996.52333666667;4883.645301073741;0.5947266869607639;0.8039279618328209;0.956234826591906;0.292600335633347;0;0;0;0;0;1;0;0;0;0
2025-05-08 23:18:15.225659;132;26712.9;341;2025;5;3;30040.4;25594.10001;26514.8;30096.2;23494.5;27172.614285714288;26883.74667;4847.652261122072;0.6084768701151263;0.7935716089521472;0.965739937654855;0.2595117970697994;0;0;0;0;0;0;1;0;0;0
2025-05-09 23:18:15.225659;123;22887.3;297;2025;5;4;26712.9;31789.2;29873.60001;34221.90001;25390.9;25900.914285714283;26505.926669666667;4595.811558882917;0.6220467484408673;0.782980103677063;0.9741004551724204;0.2261156855082888;0;0;0;0;0;0;0;1;0;0
2025-05-10 23:18:15.225659;130;29834.7;328;2025;5;5;22887.3;24931.5;24487.40001;26115.9;33788.0;26601.37142857143;26629.88666966667;4792.864971918946;0.6354323008901768;0.7721565844991648;0.981306470271609;0.1924515819708316;0;0;0;0;0;0;0;0;1;0
2025-05-11 23:18:15.225659;129;24164.0;300;2025;5;6;29834.7;31098.7;29642.3;27308.9;29222.7;25610.7;26525.056669666665;4409.726633250626;0.6486295610349804;0.7611042586607755;0.987349442393986;0.1585593851031373;0;0;0;0;0;0;0;0;0;1
2025-05-12 23:18:15.225659;161;32519.00001;407;2025;5;0;24164.0;27960.0;20107.80002;30909.00002;25306.4;26261.985715714283;26578.723336;5097.553675272605;0.6616346182422769;0.7498264012045698;0.9922222094179318;0.124479263886793;0;0;0;1;0;0;0;0;0;0
2025-05-13 23:18:15.225659;146;30154.7;351;2025;5;1;32519.00001;17675.6;29069.8;24625.2;30199.7;28044.71428714286;26763.040002666665;3537.6705508488144;0.6744436188329437;0.7383263540031081;0.9959189961471786;0.0902516100310459;0;0;0;0;1;0;0;0;0;0
2025-05-14 23:18:15.225659;125;23486.5;302;2025;5;2;30154.7;30040.4;27856.7;22138.9;27415.0;27108.442858571427;26807.960002666667;3780.410124694457;0.6870527672236648;0.7266075247685676;0.998435421155564;0.0559169901006091;0;0;0;0;0;1;0;0;0;0
2025-05-15 23:18:15.225659;137;28652.2;341;2025;5;3;23486.5;26712.9;25594.10001;24584.6;27645.4;27385.485715714287;26943.546669333336;3817.470083079498;0.6994583270516471;0.7146733860429609;0.9997685019798908;0.0215160974362221;0;0;0;0;0;0;1;0;0;0
2025-05-16 23:18:15.225659;140;27288.2;343;2025;5;4;28652.2;22887.3;31789.2;28122.2;30479.9;28014.185715714288;26915.746669333334;3277.382363987768;0.7116566222817743;0.7025274741691573;0.999916658654738;-0.012910296075008;0;0;0;0;0;0;0;1;0;0
2025-05-17 23:18:15.225659;154;29562.5;390;2025;5;5;27288.2;29834.7;24931.5;23023.80001;27365.8;27975.30000142857;27133.70333566667;3253.711499474473;0.7236440382959116;0.6901733882429727;0.9988797155850336;-0.0473213883224297;0;0;0;0;0;0;0;0;1;0
2025-05-18 23:18:15.225659;158;33015.3;386;2025;5;6;29562.5;24164.0;31098.7;28493.4;23846.7;29239.77143;27284.43333566667;3245.592073871665;0.7354170229639869;0.6776147890466875;0.9966589017541698;-0.0816763953304264;0;0;0;0;0;0;0;0;0;1
2025-05-19 23:18:15.225659;130;24095.80001;314;2025;5;0;33015.3;32519.00001;27960.0;27288.60001;25525.8;28036.45714428572;27178.006669;3385.620387716515;0.7469720876965562;0.6648553979642854;0.993256849267414;-0.1159345995955033;0;0;0;1;0;0;0;0;0;0
2025-05-20 23:18:15.225659;136;28618.40001;330;2025;5;1;24095.80001;30154.7;17675.6;24343.5;31799.7;27816.985717142856;27320.503336;3273.354121034889;0.7583058084785608;0.6518989958787146;0.9886775902323413;-0.1500553983446474;0;0;0;0;1;0;0;0;0;0
2025-05-21 23:18:15.225659;137;26918.9;347;2025;5;2;28618.40001;23486.5;30040.4;25854.9;35586.8;28307.328574285715;27355.970002666665;2728.231472226326;0.7694148268839358;0.6387494220515296;0.9829265519799834;-0.1839983516576738;0;0;0;0;0;1;0;0;0;0
2025-05-22 23:18:15.225659;156;31224.6;408;2025;5;3;26918.9;28652.2;26712.9;29241.0;28071.4;28674.814288571422;27422.090002666668;2946.910750143382;0.7802958510707754;0.6254105729852465;0.9760105506323684;-0.2177232303965314;0;0;0;0;0;0;1;0;0;0
2025-05-23 23:18:15.225659;132;26395.9;337;2025;5;4;31224.6;27288.2;22887.3;26885.8;28819.4;28547.34286;27405.76000266667;3034.872490718899;0.7909456567567767;0.611886401268725;0.9679377830240644;-0.2511900638848179;0;0;0;0;0;0;0;1;0;0
2025-05-24 23:18:15.225659;140;32700.4;370;2025;5;5;26395.9;29562.5;29834.7;26514.8;24984.5;28995.61428857144;27611.94666933333;3417.440925678939;0.8013610881746758;0.5981809144059174;0.9587178169872972;-0.2843591872810011;0;0;0;0;0;0;0;0;1;0
2025-05-25 23:18:15.225659;147;27338.2;387;2025;5;6;32700.4;33015.3;24164.0;29873.60001;25618.10001;28184.60000285714;27527.43333566667;2945.5716645755056;0.81153905900736;0.5842981736283699;0.9483615800121726;-0.3171912885891026;0;0;0;0;0;0;0;0;0;1
2025-05-26 23:18:15.225659;120;25321.90001;309;2025;5;0;27338.2;24095.80001;32519.00001;24487.40001;23237.1;28359.757145714284;27555.25000233333;2687.0169420616894;0.821476553302415;0.5702422926917861;0.9368813462954306;-0.3496474552512308;0;0;0;1;0;0;0;0;0;0
2025-05-27 23:18:15.225659;139;30509.90001;378;2025;5;1;25321.90001;28618.40001;30154.7;29642.3;30904.30001;28629.97143142857;27584.170002666662;2809.6698550340902;0.8311706263658083;0.556017436657044;0.9242907221930928;-0.3816892202666603;0;0;0;0;1;0;0;0;0;0
2025-05-28 23:18:15.225659;131;25000.3;307;2025;5;2;30509.90001;26918.9;23486.5;20107.80002;32433.20001;28355.88571714286;27747.25333533333;3084.5409321046127;0.8406184056344782;0.5416278206559813;0.910604630094216;-0.4132786077829045;0;0;0;0;0;1;0;0;0;0
2025-05-29 23:18:15.225659;136;27063.1;343;2025;5;3;25000.3;31224.6;28652.2;29069.8;30086.90001;27761.38571714286;27680.36333533333;2830.0211452317376;0.8498170915275277;0.5270777086423725;0.8958392907349092;-0.4443781781046126;0;0;0;0;0;0;1;0;0;0
2025-05-30 23:18:15.225659;141;28430.3;350;2025;5;4;27063.1;26395.9;27288.2;27856.7;22112.6;28052.01428857143;27699.48333533333;2770.251444758746;0.8587639582758025;0.5123714121284243;0.8800122039735365;-0.4749510720670487;0;0;0;0;0;0;0;1;0;0
2025-05-31 23:18:15.225659;123;23901.9;295;2025;5;5;28430.3;32700.4;29562.5;25594.10001;28979.2;26795.08571714285;27643.07666833333;2258.415050922663;0.8674563547295961;0.4975132889071819;0.8631421280499129;-0.504961054721518;0;0;0;0;0;0;0;0;1;0
2025-06-01 23:18:15.225659;135;25811.4;357;2025;6;6;23901.9;27338.2;33015.3;31789.2;26208.2;26576.97143142857;27443.816668333333;2270.913136010962;0.875891705144242;0.4825077417612201;0.8452490573530652;-0.5343725582809755;0;0;0;0;0;0;0;0;0;1
2025-06-02 23:18:15.225659;144;25821.30001;362;2025;6;0;25811.4;25321.90001;24095.80001;24931.5;26378.0;26648.314288571422;27473.476668666663;2232.4308585509384;0.8840675099433641;0.4673592171580013;0.8263541987239084;-0.5631507242749203;0;0;0;1;0;0;0;0;0;0
2025-06-03 23:18:15.225659;153;29817.7;384;2025;6;1;25821.30001;30509.90001;28618.40001;31098.7;27468.30001;26549.428572857145;27430.776668666666;2039.9018783478743;0.8919813464595487;0.4520722039323038;0.8064799463209441;-0.591261444863579;0;0;0;0;1;0;0;0;0;0
2025-06-04 23:18:15.225659;152;27439.4;374;2025;6;2;29817.7;25000.3;26918.9;27960.0;25278.7;26897.87143;27413.423335333333;1936.9030638605527;0.8996308696522434;0.4366512319560639;0.7856498550787144;-0.6186714032625034;0;0;0;0;0;1;0;0;0;0
2025-06-05 23:18:15.225659;127;29184.30001;340;2025;6;3;27439.4;27063.1;31224.6;17675.6;30792.9;27200.900002857143;27797.046669;2123.9598172625665;0.9070138128026356;0.42110087079609;0.7638886127905434;-0.6453481132295493;0;0;0;0;0;0;1;0;0;0
2025-06-06 23:18:15.225659;145;28844.5;393;2025;6;4;29184.30001;28430.3;26395.9;30040.4;28237.1;27260.07143142857;27757.183335666665;2169.2056773542354;0.9141279881853334;0.4054257283599982;0.7412220108485972;-0.6712599575675299;0;0;0;0;0;0;0;1;0;0
2025-06-07 23:18:15.225659;132;20637.20001;295;2025;6;5;28844.5;23901.9;32700.4;26712.9;28638.3;26793.68571857143;27554.660002666664;3143.6502321824955;0.920971287716634;0.3896304495307894;0.7176769136759642;-0.6963762255968698;0;0;0;0;0;0;0;0;1;0
2025-06-08 23:18:15.225659;136;24718.4;342;2025;6;6;20637.20001;25811.4;27338.2;22887.3;25148.40001;26637.542861428574;27615.69666933333;3226.620578142253;0.927541683579196;0.3737197147904709;0.6932812268869807;-0.7206671495538581;0;0;0;0;0;0;0;0;0;1
2025-06-09 23:18:15.225659;132;26633.2;331;2025;6;0;24718.4;25821.30001;25321.90001;29834.7;25838.3;26753.52857428572;27508.980002666667;3206.921675599375;0.9338372288229256;0.3576982388331247;0.6680638642135323;-0.7441039398713618;0;0;0;1;0;0;0;0;0;0
2025-06-10 23:18:15.225659;141;30585.1;372;2025;6;1;26633.2;29817.7;30509.90001;24164.0;26162.6;26863.15714571429;27723.01666933333;3339.5045515526863;0.9398560579418956;0.3415707691678552;0.6420547132365632;-0.7666588193001594;0;0;0;0;1;0;0;0;0;0
2025-06-11 23:18:15.225659;131;29565.5;324;2025;6;2;30585.1;27439.4;25000.3;32519.00001;27398.1;27166.885717142857;27624.566669;3493.7703525543434;0.9455963874271424;0.3253420847119804;0.6152845999633281;-0.7883050558305251;0;0;0;0;0;1;0;0;0;0
2025-06-12 23:18:15.225659;135;27482.2;351;2025;6;3;29565.5;29184.30001;27063.1;30154.7;26091.0;26923.72857285714;27535.483335666668;3387.579582055484;0.9510565162951532;0.3090169943749482;0.5877852522924744;-0.8090169943749466;0;0;0;0;0;0;1;0;0;0
2025-06-13 23:18:15.225659;165;31762.7;397;2025;6;4;27482.2;28844.5;28430.3;23486.5;32138.8;27340.614287142856;27811.356669;3815.841939740679;0.9562348265919052;0.2926003356333497;0.5595892624101788;-0.8287700871745022;0;0;0;0;0;0;0;1;0;0
2025-06-14 23:18:15.225659;124;24743.9;316;2025;6;5;31762.7;20637.20001;23901.9;28652.2;32856.1;27927.28571428572;27681.08000233333;2791.7072682193348;0.9611297838723002;0.2760969730974706;0.5307300481619365;-0.8475409228928291;0;0;0;0;0;0;0;0;1;0
2025-06-15 23:18:15.225659;149;29325.6;348;2025;6;6;24743.9;24718.4;25811.4;27288.2;29682.9;28585.457142857143;27748.993335666662;2428.5724454619995;0.9657399376548544;0.2595117970698021;0.5012418134457797;-0.8653072543632038;0;0;0;0;0;0;0;0;0;1
2025-06-16 23:18:15.225659;146;32471.4;373;2025;6;0;29325.6;26633.2;25821.30001;29562.5;26576.50001;29419.485714285714;27845.956669;2639.6907353126485;0.9700639218515064;0.2428497220959384;0.471159507673869;-0.8820480249558509;0;0;0;1;0;0;0;0;0;0
2025-06-17 23:18:15.225659;132;25580.1;343;2025;6;1;32471.4;30585.1;29817.7;33015.3;27984.2;28704.485714285714;27598.116669;2932.901125409569;0.9741004551724206;0.2261156855082881;0.4405187843504947;-0.8977433935342338;0;0;0;0;1;0;0;0;0;0
2025-06-18 23:18:15.225659;136;28587.6;354;2025;6;2;25580.1;29565.5;27439.4;24095.80001;27202.6;28564.78571428572;27747.84333533333;2908.239963407773;0.9778483415056568;0.2093146459630489;0.4093559588156222;-0.912374757970727;0;0;0;0;0;1;0;0;0;0
2025-06-19 23:18:15.225659;127;28459.2;329;2025;6;3;28587.6;27482.2;29184.30001;28618.40001;28243.4;28704.35714285714;27742.53666833333;2870.8289551145253;0.9813064702716092;0.1924515819708309;0.3777079652039666;-0.9259247771938492;0;0;0;0;0;0;1;0;0;0
2025-06-20 23:18:15.225659;130;23275.20001;303;2025;6;4;28459.2;31762.7;28844.5;26918.9;30057.5;27491.85714428572;27621.080002;3143.277104997534;0.9844738167520926;0.1755314904214261;0.3456123126707294;-0.9383773917408657;0;0;0;0;0;0;0;1;0;0
2025-06-21 23:18:15.225659;139;25687.2;341;2025;6;5;23275.20001;24743.9;20637.20001;31224.6;25782.4;27626.614287142856;27436.500002;3023.782076625881;0.987349442393986;0.1585593851031365;0.3131070409358304;-0.9497178427914305;0;0;0;0;0;0;0;0;1;0
2025-06-22 23:18:15.225659;129;27568.2;313;2025;6;6;25687.2;29325.6;24718.4;26395.9;23893.1;27375.55714428571;27475.576668666665;2930.733703219953;0.9899324950873528;0.1415402952170457;0.2802306751992211;-0.9599326896597432;0;0;0;0;0;0;0;0;0;1
2025-06-23 23:18:15.225659;127;26023.2;326;2025;6;0;27568.2;32471.4;26633.2;32700.4;28539.0;26454.385715714285;27253.00333533333;1891.056057030376;0.992222209417932;0.1244792638867923;0.2470221804809416;-0.9690098257244046;0;0;0;1;0;0;0;0;0;0
2025-06-24 23:18:15.225659;130;25584.3;341;2025;6;1;26023.2;25580.1;30585.1;27338.2;23502.8;26454.985715714283;27194.540002;1890.7330670481413;0.994217906893952;0.1073813466641631;0.2135209154397962;-0.9769384927771816;0;0;0;0;1;0;0;0;0;0
2025-06-25 23:18:15.225659;137;26051.4;332;2025;6;2;25584.3;28587.6;29565.5;25321.90001;29971.8;26092.67143000001;27218.856668333334;1640.3843776147953;0.995918996147179;0.0902516100310416;0.1797665857255634;-0.9837092937736096;0;0;0;0;0;1;0;0;0;0
2025-06-26 23:18:15.225659;132;27890.8;331;2025;6;3;26051.4;28459.2;27482.2;30509.90001;29329.6;26011.47143;27131.553334666667;1512.8240831614692;0.9973249731081556;0.0730951298980787;0.145799196919877;-0.989314203970366;0;0;0;0;0;0;1;0;0;0
2025-06-27 23:18:15.225659;138;29514.3;334;2025;6;4;27890.8;23275.20001;31762.7;25000.3;24191.1;26902.77142857143;27282.02000133333;1469.3273480454598;0.9984354211555642;0.0559169901006048;0.1116590071216979;-0.9937465804361776;0;0;0;0;0;0;0;1;0;0
2025-06-28 23:18:15.225659;123;22977.5;313;2025;6;5;29514.3;25687.2;24743.9;27063.1;34219.90002;26515.671428571422;27145.833334666662;2075.040327089479;0.9992500112396836;0.0387222808921731;0.0773864792334605;-0.9970011699250152;0;0;0;0;0;0;0;0;1;0
2025-06-29 23:18:15.225659;145;28724.8;362;2025;6;6;22977.5;27568.2;29325.6;28430.3;27468.4;26680.9;27155.65000133333;2214.1997591304485;0.9997685019798908;0.0215160974362214;0.0430222330045289;-0.99907411510223;0;0;0;0;0;0;0;0;0;1
2025-06-30 23:18:15.225659;146;28624.2;369;2025;6;0;28724.8;26023.2;32471.4;23901.9;29505.1;27052.471428571425;27313.06000133333;2301.9365671207465;0.99999073973619;0.0043035382962439;0.0086069968886879;-0.9999629591162656;0;0;0;1;0;0;0;0;0;0
2025-07-01 23:18:15.225659;120;22761.9;305;2025;7;1;28624.2;25584.3;25580.1;25811.4;26492.6;26649.271428571432;27211.410001333334;2796.0971583705063;0.999916658654738;-0.0129102960750087;-0.0258184402271322;-0.9996666485105112;0;0;1;0;1;0;0;0;0;0
2025-07-02 23:18:15.225659;139;29614.1;342;2025;7;2;22761.9;26051.4;28587.6;25821.30001;26211.30001;27158.228571428568;27337.836667666663;2986.872737895102;0.9995462806873574;-0.0301203048469073;-0.0602132773657913;-0.9981855344718588;0;0;1;0;0;1;0;0;0;0
2025-07-03 23:18:15.225659;126;25984.60001;321;2025;7;3;29614.1;27890.8;28459.2;29817.7;26695.4;26885.914287142856;27210.066668000003;2995.8334992270297;0.9988797155850336;-0.0473213883224304;-0.0945367498171965;-0.9955213724144756;0;0;1;0;0;0;1;0;0;0
2025-07-04 23:18:15.225659;144;25117.6;364;2025;7;4;25984.60001;29514.3;23275.20001;27439.4;33535.30001;26257.814287142857;27132.673334666662;2807.9371675991065;0.9979171608653924;-0.0645084494493143;-0.128748177452577;-0.9916773198992904;0;0;1;0;0;0;0;1;0;0
2025-07-05 23:18:15.225659;148;30720.2;378;2025;7;5;25117.6;22977.5;25687.2;29184.30001;26006.1;27363.91428714286;27183.870001;2825.3404155070543;0.99665890175417;-0.0816763953304236;-0.1628070129385189;-0.9866579328916568;0;0;1;0;0;0;0;0;1;0
2025-07-06 23:18:15.225659;155;30083.6;359;2025;7;6;30720.2;28724.8;27568.2;28844.5;27018.1;27558.028572857143;27225.173334333336;2977.028964779526;0.9951053111006974;-0.098820138732872;-0.1966728897935774;-0.980469160361632;0;0;1;0;0;0;0;0;0;1
2025-07-07 23:18:15.225659;147;30135.4;384;2025;7;0;30083.6;28624.2;26023.2;20637.20001;24284.9;27773.91428714286;27541.780000666666;3118.655805866411;0.9932568492674144;-0.1159345995955005;-0.2303056702306122;-0.973118337233262;0;0;1;1;0;0;0;0;0;0
2025-07-08 23:18:15.225659;107;21319.7;270;2025;7;1;30135.4;22761.9;25584.3;24718.4;24861.4;27567.88571571428;27428.490000666665;3525.987914918459;0.9911140639934548;-0.1330147065341954;-0.2636654927280062;-0.9646141756912436;0;0;1;0;1;0;0;0;0;0
2025-07-09 23:18:15.225659;143;28797.50001;364;2025;7;2;21319.7;29614.1;26051.4;26633.2;27599.6;27451.22857428572;27500.63333433333;3459.895009290478;0.9886775902323406;-0.1500553983446516;-0.2967128192734882;-0.9549667548552558;0;0;1;0;0;1;0;0;0;0
2025-07-10 23:18:15.225659;154;32468.2;404;2025;7;3;28797.50001;25984.60001;27890.8;30585.1;28084.30001;28377.45714428572;27563.403334333336;3847.920396039582;0.9859481499638306;-0.1670516255021176;-0.3294084822245271;-0.9441875088342004;0;0;1;0;0;0;1;0;0;0
2025-07-11 23:18:15.225659;155;31350.5;377;2025;7;4;32468.2;25117.6;29514.3;29565.5;24868.0;29267.87143;27622.903334333336;3685.589058863351;0.9829265519799826;-0.183998351657678;-0.3617137307297635;-0.9322892131745149;0;0;1;0;0;0;0;1;0;0
2025-07-12 23:18:15.225659;137;25907.6;336;2025;7;5;31350.5;30720.2;22977.5;27482.2;23144.0;28580.35714428572;27570.41666766667;3816.0807735486624;0.9796136916454898;-0.200890555130636;-0.3935902766564684;-0.9192859697186098;0;0;1;0;0;0;0;0;1;0
2025-07-13 23:18:15.225659;143;26830.2;354;2025;7;6;25907.6;30083.6;28724.8;31762.7;29293.9;28115.585715714285;27406.000001;3800.5714132265766;0.9760105506323682;-0.2177232303965321;-0.4250003399695546;-0.9051931898913972;0;0;1;0;0;0;0;0;0;1
2025-07-14 23:18:15.225659;121;24767.0;292;2025;7;0;26830.2;30135.4;28624.2;24743.9;27081.5;27348.67143;27406.770001;3866.142183608498;0.9721181966290614;-0.2344913895704095;-0.4559066935084584;-0.8900275764346768;0;0;1;1;0;0;0;0;0;0
2025-07-15 23:18:15.225659;122;23448.8;300;2025;7;1;24767.0;21319.7;22761.9;29325.6;30158.5;27652.828572857143;27210.876667666667;3363.9077473770385;0.9679377830240644;-0.2511900638848186;-0.4862727071086888;-0.8738071036110815;0;0;1;0;1;0;0;0;0;0
2025-07-16 23:18:15.225659;117;19858.0;288;2025;7;2;23448.8;28797.50001;29614.1;32471.4;25652.0;26375.757142857143;26790.430001;4395.602949106124;0.9634705485641492;-0.267814305162173;-0.5160623910158506;-0.8565509959010049;0;0;1;0;0;1;0;0;0;0
2025-07-17 23:18:15.225659;153;35655.90001;397;2025;7;3;19858.0;32468.2;25984.60001;25580.1;25719.3;26831.142858571427;27126.29000133333;5219.826151856624;0.9587178169872967;-0.2843591872810018;-0.545240438540648;-0.8382797052177763;0;0;1;0;0;0;1;0;0;0
2025-07-18 23:18:15.225659;150;28038.1;356;2025;7;4;35655.90001;31350.5;25117.6;28587.6;33268.9;26357.942858571427;27107.97333466667;4880.987591719218;0.9536809966304464;-0.3008198076356654;-0.573772267904321;-0.8190148866680825;0;0;1;0;0;0;0;1;0;0
2025-07-19 23:18:15.225659;105;22113.8;268;2025;7;5;28038.1;25907.6;30720.2;28459.2;24051.6;25815.97143;26896.460001333333;5142.924718016066;0.9483615800121724;-0.3171912885891033;-0.601624063224918;-0.7987793728863684;0;0;1;0;0;0;0;0;1;0
2025-07-20 23:18:15.225659;135;26762.8;342;2025;7;6;22113.8;26830.2;30083.6;23275.20001;25796.30001;25806.342858571425;27012.71333433333;5140.772051519978;0.9427611433904208;-0.333468778918187;-0.6287628145958347;-0.7775971469736267;0;0;1;0;0;0;0;0;0;1
2025-07-21 23:18:15.225659;113;22423.10001;263;2025;7;0;26762.8;24767.0;30135.4;25687.2;28100.1;25471.50000285714;26903.910001333334;5293.809027891595;0.9368813462954316;-0.3496474552512281;-0.6551563572090846;-0.7554933140726808;0;0;1;1;0;0;0;0;0;0
2025-07-22 23:18:15.225659;149;30791.6;369;2025;7;1;22423.10001;23448.8;21319.7;27568.2;26349.90001;26520.47143142857;27011.356668;5547.615785407979;0.9307239310379796;-0.3657225234972683;-0.6807734094770149;-0.73249407161358;0;0;1;0;1;0;0;0;0;0
2025-07-23 23:18:15.225659;138;29418.0;359;2025;7;2;30791.6;19858.0;28797.50001;26023.2;27695.3;27886.185717142856;27124.516668;4754.0712916177545;0.9242907221930938;-0.3816892202666577;-0.7055836101071757;-0.7086266782644617;0;0;1;0;0;1;0;0;0;0
2025-07-24 23:18:15.225659;146;29288.40004;373;2025;7;3;29418.0;35655.90001;32468.2;25584.3;31398.90001;26976.54286428571;27247.98666933333;3449.945822063074;0.9175836260593944;-0.397542814282554;-0.7295575540864848;-0.6839194216246134;0;0;1;0;0;0;1;0;0;0
2025-07-25 23:18:15.225659;129;24613.5;318;2025;7;4;29288.40004;28038.1;31350.5;26051.4;27698.1;26487.31429285714;27200.05666933333;3516.49477252974;0.9106046300942172;-0.4132786077829019;-0.752666827532005;-0.6584015846980527;0;0;1;0;0;0;0;1;0;0
2025-07-26 23:18:15.225659;131;24292.60001;330;2025;7;5;24613.5;22113.8;25907.6;27890.8;31356.0;26798.57143714285;27080.116669666662;3141.268038967789;0.9033558023246856;-0.4288919379124808;-0.7748840413670368;-0.6321034111873535;0;0;1;0;0;0;0;0;1;0
2025-07-27 23:18:15.225659;128;26377.2;324;2025;7;6;24292.60001;26762.8;26830.2;29514.3;32192.0;26743.485722857145;26975.546669666663;3145.3781594783163;0.8958392907349089;-0.4443781781046133;-0.7961828637826156;-0.6050560696488492;0;0;1;0;0;0;0;0;0;1
2025-07-28 23:18:15.225659;121;23442.80001;308;2025;7;0;26377.2;22423.10001;24767.0;22977.5;28301.5;26889.15715142857;26991.05667;2928.0447090229604;0.8880573226294934;-0.4597327394521037;-0.8165380514459154;-0.5772916165517282;0;0;1;1;0;0;0;0;0;0
2025-07-29 23:18:15.225659;128;23730.60001;306;2025;7;1;23442.80001;30791.6;23448.8;28724.8;23910.10001;25880.44286714285;26824.583337;2551.651961190128;0.8800122039735361;-0.4749510720670493;-0.8359254794186357;-0.5488429582847211;0;0;1;0;1;0;0;0;0;0
2025-07-30 23:18:15.225659;137;25556.1;356;2025;7;2;23730.60001;29418.0;19858.0;28624.2;26050.1;25328.742867142857;26722.313337000003;2021.7914491654133;0.8717063187093227;-0.4900286664290578;-0.8543221697498252;-0.5197438121555185;0;0;1;0;0;1;0;0;0;0
2025-07-31 23:18:15.225659;145;24796.6;343;2025;7;3;25556.1;29288.40004;35655.90001;22761.9;26847.9;24687.057147142856;26790.136670333333;1020.441991266412;0.8631421280499106;-0.5049610547215216;-0.8717063187093232;-0.4900286664290568;0;0;1;0;0;0;1;0;0;0
2025-08-01 23:18:15.225659;128;24060.9;311;2025;8;4;24796.6;24613.5;28038.1;29614.1;28745.8;24608.11429;26605.030003666667;1048.081536379976;0.8543221697498264;-0.5197438121555163;-0.8880573226294939;-0.4597327394521027;0;0;1;0;0;0;0;1;0;0
2025-08-02 23:18:15.225659;144;29203.7;352;2025;8;5;24060.9;24292.60001;22113.8;25984.60001;23086.2;25309.700002857146;26712.333336666667;2006.8694780295443;0.8452490573530649;-0.5343725582809762;-0.9033558023246816;-0.4288919379124894;0;0;1;0;0;0;0;0;1;0
2025-08-03 23:18:15.225659;133;26903.7;335;2025;8;6;29203.7;26377.2;26762.8;25117.6;24963.6;25384.91428857143;26771.870003333333;2062.637067633016;0.835925479418637;-0.5488429582847191;-0.9175836260593936;-0.3975428142825563;0;0;1;0;0;0;0;0;0;1
2025-08-04 23:18:15.225659;136;26004.9;336;2025;8;0;26903.7;23442.80001;22423.10001;30720.2;21844.90001;25750.928572857145;26614.693336666667;1879.7889621745144;0.82635419872391;-0.563150724274918;-0.9307239310379788;-0.3657225234972706;0;0;1;1;0;0;0;0;0;0
2025-08-05 23:18:15.225659;131;24927.1;320;2025;8;1;26004.9;23730.60001;30791.6;30083.6;29959.5;25921.85714285714;26442.81000333333;1712.4100578396628;0.8165380514459167;-0.5772916165517262;-0.9427611433904198;-0.3334687789181892;0;0;1;0;1;0;0;0;0;0
2025-08-06 23:18:15.225659;142;26354.5;331;2025;8;2;24927.1;25556.1;29418.0;30135.4;23594.3;26035.91428571429;26316.780003333337;1710.576295120607;0.8064799463209458;-0.5912614448635768;-0.9536809966304444;-0.3008198076356711;0;0;1;0;0;1;0;0;0;0
2025-08-07 23:18:15.225659;133;25012.7;323;2025;8;3;26354.5;24796.6;29288.40004;21319.7;29205.1;26066.78571428572;26439.88000333333;1686.2593626412313;0.7961828637826149;-0.60505606964885;-0.9634705485641494;-0.267814305162172;0;0;1;0;0;0;1;0;0;0
2025-08-08 23:18:15.225659;133;31497.8;356;2025;8;4;25012.7;24060.9;24613.5;28797.50001;27524.0;27129.200000000004;26529.890003;2402.5019493575305;0.785649855078714;-0.6186714032625039;-0.9721181966290616;-0.2344913895704085;0;0;1;0;0;0;0;1;0;0
2025-08-09 23:18:15.225659;138;23888.2;351;2025;8;5;31497.8;29203.7;24292.60001;32468.2;30810.6;26369.842857142856;26243.890003;2476.4309518990844;0.7748840413670406;-0.6321034111873488;-0.97961369164549;-0.2008905551306349;0;0;1;0;0;0;0;0;1;0
2025-08-10 23:18:15.225659;120;24634.2;319;2025;8;6;23888.2;26903.7;26377.2;31350.5;33116.2;26045.628571428573;26020.01333633333;2542.567924831295;0.763888612790543;-0.6453481132295499;-0.9859481499638302;-0.16705162550212;0;0;1;0;0;0;0;0;0;1
2025-08-11 23:18:15.225659;142;26157.2;348;2025;8;0;24634.2;26004.9;23442.80001;25907.6;25537.9;26067.385714285712;26028.333336333333;2542.812932842001;0.752666827532009;-0.6584015846980482;-0.9911140639934544;-0.1330147065341978;0;0;1;1;0;0;0;0;0;0
2025-08-12 23:18:15.225659;154;27109.5;390;2025;8;1;26157.2;24927.1;23730.60001;26830.2;26726.8;26379.15714285714;26037.64333633333;2513.3220504988626;0.7412220108485967;-0.6712599575675304;-0.9951053111006972;-0.0988201387328744;0;0;1;0;1;0;0;0;0;0
2025-08-13 23:18:15.225659;144;26528.5;357;2025;8;2;27109.5;26354.5;25556.1;24767.0;23400.1;26404.01428571428;26096.360003;2513.897921176442;0.7295575540864889;-0.6839194216246091;-0.997917160865392;-0.0645084494493203;0;0;1;0;0;1;0;0;0;0
2025-08-14 23:18:15.225659;143;29690.6;343;2025;8;3;26528.5;25012.7;24796.6;23448.8;29357.9;27072.28571428572;26304.420003;2697.464236666596;0.7176769136759612;-0.696376225596873;-0.9995462806873574;-0.0301203048469062;0;0;1;0;0;0;1;0;0;0
2025-08-15 23:18:15.225659;148;28907.30001;380;2025;8;4;29690.6;31497.8;24060.9;19858.0;27470.0;26702.21428714286;26606.063336666663;2100.84548823695;0.7055836101071775;-0.70862667826446;-0.99999073973619;0.004303538296245;0;0;1;0;0;0;0;1;0;0
2025-08-16 23:18:15.225659;134;26086.7;340;2025;8;5;28907.30001;23888.2;29203.7;35655.90001;33866.6;27016.28571571429;26287.090003;1744.0855285981074;0.6932812268869776;-0.7206671495538611;-0.9992500112396836;0.0387222808921743;0;0;1;0;0;0;0;0;1;0
2025-08-17 23:18:15.225659;146;33004.5;377;2025;8;6;26086.7;24634.2;26903.7;28038.1;22077.80001;28212.04285857143;26452.636669666663;2530.69614701334;0.6807734094770167;-0.7324940716135784;-0.9973249731081556;0.0730951298980762;0;0;1;0;0;0;0;0;0;1
2025-08-18 23:18:15.225659;147;29331.8;334;2025;8;0;33004.5;26157.2;26004.9;22113.8;25436.00001;28665.557144285714;26693.236669666665;2381.116277504417;0.6680638642135344;-0.7441039398713599;-0.9942179068939522;0.1073813466641607;0;0;1;1;0;0;0;0;0;0
2025-08-19 23:18:15.225659;154;27852.5;361;2025;8;1;29331.8;27109.5;24927.1;26762.8;25111.10001;28771.700001428573;26729.560003;2315.8573755275934;0.6551563572090865;-0.7554933140726792;-0.9899324950873536;0.1415402952170397;0;0;1;0;1;0;0;0;0;0
2025-08-20 23:18:15.225659;119;23308.8;290;2025;8;2;27852.5;26528.5;26354.5;22423.10001;29397.60001;28311.74285857143;26759.083336;3041.64370226185;0.6420547132365654;-0.7666588193001577;-0.984473816752093;0.1755314904214236;0;0;1;0;0;1;0;0;0;0
2025-08-21 23:18:15.225659;128;24282.20001;312;2025;8;3;23308.8;29690.6;25012.7;30791.6;23675.1;27539.11428857143;26542.103336333334;3308.243810815579;0.6287628145958339;-0.7775971469736274;-0.9778483415056564;0.20931464596305;0;0;1;0;0;0;1;0;0;0
2025-08-22 23:18:15.225659;109;23218.4;291;2025;8;4;24282.20001;28907.30001;31497.8;29418.0;24670.8;26726.414287142856;26335.450003;3601.854462627257;0.6152845999633275;-0.7883050558305256;-0.9700639218515068;0.2428497220959361;0;0;1;0;0;0;0;1;0;0
2025-08-23 23:18:15.225659;127;27390.4;323;2025;8;5;23218.4;26086.7;23888.2;29288.40004;27227.9;26912.65714428572;26272.183335;3596.965648629736;0.6016240632249228;-0.7987793728863648;-0.961129783872301;0.2760969730974683;0;0;1;0;0;0;0;0;1;0
2025-08-24 23:18:15.225659;137;25757.6;338;2025;8;6;27390.4;33004.5;24634.2;24613.5;31339.7;25877.38571571428;26310.320001666667;2392.699673892352;0.5877852522924738;-0.8090169943749469;-0.951056516295154;0.3090169943749458;0;0;1;0;0;0;0;0;0;1
2025-08-25 23:18:15.225659;132;23764.8;320;2025;8;0;25757.6;29331.8;26157.2;24292.60001;26039.0;25082.10000142857;26292.726668;1934.457510690496;0.5737722679043259;-0.8190148866680791;-0.9398560579418964;0.3415707691678529;0;0;1;1;0;0;0;0;0;0
2025-08-26 23:18:15.225659;131;25419.00001;321;2025;8;1;23764.8;27852.5;27109.5;26377.2;28152.8;24734.457145714285;26260.78666833333;1529.9864782511204;0.5595892624101783;-0.8287700871745026;-0.927541683579198;0.3737197147904654;0;0;1;0;1;0;0;0;0;0
2025-08-27 23:18:15.225659;148;32458.5;388;2025;8;2;25419.00001;23308.8;26528.5;23442.80001;31478.0;26041.557145714287;26561.31000133333;3154.729745147338;0.5452404385406531;-0.838279705217773;-0.9141279881853358;0.4054257283599927;0;0;1;0;0;1;0;0;0;0
2025-08-28 23:18:15.225659;122;27756.8;305;2025;8;3;32458.5;24282.20001;29690.6;23730.60001;37921.9;26537.928572857145;26695.516667666667;3104.7261541051453;0.5307300481619358;-0.8475409228928296;-0.8996308696522459;0.4366512319560585;0;0;1;0;0;0;1;0;0;0
2025-08-29 23:18:15.225659;139;29923.0;360;2025;8;4;27756.8;23218.4;28907.30001;25556.1;27630.4;27495.72857285714;26841.080001;2939.776626796433;0.5160623910158527;-0.8565509959010036;-0.8840675099433636;0.4673592171580022;0;0;1;0;0;0;0;1;0;0
2025-08-30 23:18:15.225659;121;23521.0;292;2025;8;5;29923.0;27390.4;26086.7;24796.6;34917.3;26942.95714428572;26798.560001;3304.0933967495525;0.501241813445776;-0.8653072543632059;-0.8674563547295974;0.4975132889071798;0;0;1;0;0;0;0;0;1;0
2025-08-31 23:18:15.225659;137;25969.1;351;2025;8;6;23521.0;25757.6;33004.5;24060.9;25168.6;26973.171429999995;26862.16666766667;3292.3936303547343;0.486272707108691;-0.8738071036110803;-0.8498170915275289;0.5270777086423704;0;0;1;0;0;0;0;0;0;1
2025-09-01 23:18:15.225659;143;27839.0;350;2025;9;0;25969.1;23764.8;29331.8;29203.7;24980.1;27555.20000142857;26816.676667666667;2975.5628592832813;0.471159507673862;-0.8820480249558547;-0.8311706263658057;0.5560174366570478;0;0;0;1;0;0;0;0;0;0
2025-09-02 23:18:15.225659;141;27211.60001;353;2025;9;1;27839.0;25419.00001;27852.5;26903.7;24216.1;27811.28571571429;26826.94000133333;2834.8867489601307;0.4559066935084607;-0.8900275764346757;-0.8115390590073635;0.584298173628365;0;0;0;0;1;0;0;0;0;0
2025-09-03 23:18:15.225659;159;31992.5;382;2025;9;2;27211.60001;32458.5;23308.8;26004.9;30092.1;27744.71428714286;27026.526668;2710.3021749708355;0.4405187843504973;-0.8977433935342326;-0.7909456567567804;0.6118864012687202;0;0;0;0;0;1;0;0;0;0
2025-09-04 23:18:15.225659;139;25827.00001;340;2025;9;3;31992.5;27756.8;24282.20001;24927.1;26522.70001;27469.028574285712;27056.523335;2805.34878925649;0.4250003399695568;-0.905193189891396;-0.7694148268839419;0.6387494220515223;0;0;0;0;0;0;1;0;0;0
2025-09-05 23:18:15.225659;164;36692.0;410;2025;9;4;25827.00001;29923.0;23218.4;26354.5;26007.90001;28436.028574285712;27401.106668333334;4466.831355252804;0.4093559588156216;-0.9123747579707272;-0.7469720876965554;0.6648553979642862;0;0;0;0;0;0;0;1;0;0
2025-09-06 23:18:15.225659;139;30921.6;374;2025;9;5;36692.0;23521.0;27390.4;25012.7;25737.1;29493.257145714284;27598.070001666667;3956.2593401298113;0.3935902766564674;-0.9192859697186102;-0.7236440382959134;0.6901733882429709;0;0;0;0;0;0;0;0;1;0
2025-09-07 23:18:15.225659;163;29889.2;394;2025;9;6;30921.6;25969.1;25757.6;31497.8;30470.4;30053.271431428573;27544.450001666664;3638.994892204183;0.377707965203966;-0.9259247771938494;-0.6994583270516488;0.7146733860429593;0;0;0;0;0;0;0;0;0;1
2025-09-08 23:18:15.225659;131;26584.00001;322;2025;9;0;29889.2;27839.0;23764.8;23888.2;27978.9;29873.98571857143;27634.310002;3793.888629726017;0.3617137307297691;-0.9322892131745129;-0.6744436188329481;0.7383263540031041;0;0;0;1;0;0;0;0;0;0
2025-09-09 23:18:15.225659;143;24835.2;347;2025;9;1;26584.00001;27211.60001;25419.00001;24634.2;21856.8;29534.500002857145;27641.010002000003;4160.445801570661;0.3456123126707321;-0.9383773917408648;-0.6486295610349796;0.7611042586607762;0;0;0;0;1;0;0;0;0;0
2025-09-10 23:18:15.225659;144;28158.9;355;2025;9;2;24835.2;31992.5;32458.5;26157.2;24298.7;28986.84286;27707.73333533333;4033.337504802744;0.3294084822245294;-0.9441875088341996;-0.6220467484408664;0.7829801036770637;0;0;0;0;0;1;0;0;0;0
2025-09-11 23:18:15.225659;135;26237.7;343;2025;9;3;28158.9;25827.00001;27756.8;27109.5;33877.4;29045.51428714285;27678.673335333333;3982.3768413545567;0.3131070409358263;-0.9497178427914318;-0.594726686960763;0.8039279618328216;0;0;0;0;0;0;1;0;0;0
2025-09-12 23:18:15.225659;138;26517.1;333;2025;9;4;26237.7;36692.0;29923.0;26528.5;26013.00001;27591.95714428572;27678.293335333336;2171.416139948936;0.2967128192734906;-0.9549667548552552;-0.5667017562911182;0.8239230057575538;0;0;0;0;0;0;0;1;0;0
2025-09-13 23:18:15.225659;151;30012.10001;381;2025;9;5;26517.1;30921.6;23521.0;29690.6;25002.5;27462.028574285712;27689.010002333333;1955.449148223464;0.280230675199217;-0.9599326896597444;-0.5380051715383012;0.842941537354782;0;0;0;0;0;0;0;0;1;0
2025-09-14 23:18:15.225659;132;24183.80002;340;2025;9;6;30012.10001;29889.2;25969.1;28907.30001;23218.90001;26646.971434285715;27531.560002666665;1964.1827207009967;0.2636654927280086;-0.9646141756912432;-0.508670943852107;0.8609610158889929;0;0;0;0;0;0;0;0;0;1
2025-09-15 23:18:15.225659;132;25301.9;312;2025;9;0;24183.80002;26584.00001;27839.0;26086.7;28892.0;26463.81429;27505.40000266667;2029.717079970208;0.2470221804809375;-0.9690098257244056;-0.4787338401157919;0.8779600847008863;0;0;0;1;0;0;0;0;0;0
2025-09-16 23:18:15.225659;144;28721.2;363;2025;9;1;25301.9;24835.2;27211.60001;33004.5;20324.9;27018.957147142857;27362.623336000004;2041.43042756788;0.2303056702306112;-0.973118337233262;-0.4482293417404087;0.893918596519258;0;0;0;0;1;0;0;0;0;0
2025-09-17 23:18:15.225659;141;28056.1;348;2025;9;2;28721.2;28158.9;31992.5;29331.8;28163.6;27004.271432857146;27320.100002666662;2032.212055930837;0.2135209154397955;-0.9769384927771818;-0.4171936026123159;0.9088176373395034;0;0;0;0;0;1;0;0;0;0
2025-09-18 23:18:15.225659;115;22477.6;296;2025;9;3;28056.1;26237.7;25827.00001;27852.5;28525.0;26467.11429;27140.93666933333;2666.541860667068;0.1966728897935763;-0.980469160361632;-0.3856634062436072;0.9226395488404876;0;0;0;0;0;0;1;0;0;0
2025-09-19 23:18:15.225659;149;32686.0;380;2025;9;4;22477.6;26517.1;36692.0;23308.8;30976.50001;27348.38571857143;27453.510002666662;3556.642577751825;0.1797665857255626;-0.9837092937736096;-0.3536761221763726;0.9353679493131478;0;0;0;0;0;0;0;1;0;0
2025-09-20 23:18:15.225659;149;32906.0;387;2025;9;5;32686.0;30012.10001;30921.6;24282.20001;25715.50001;27761.800002857144;27740.97000233333;4051.61617211537;0.1628070129385178;-0.9866579328916568;-0.3212696616923665;0.9469877530760744;0;0;0;0;0;0;0;0;1;0
2025-09-21 23:18:15.225659;141;31761.30001;356;2025;9;6;32906.0;24183.80002;29889.2;23218.4;30086.00002;28844.30000142857;28025.733336;3947.252933757462;0.1457991969198762;-0.989314203970366;-0.2884824328806121;0.9574851883550384;0;0;0;0;0;0;0;0;0;1
2025-09-22 23:18:15.225659;125;26592.8;320;2025;9;0;31761.30001;25301.9;26584.00001;27390.4;28464.9;29028.71428714285;27999.14666933333;3780.816235136372;0.1287481774525829;-0.9916773198992898;-0.2553532951161912;0.9668478136052764;0;0;0;1;0;0;0;0;0;0
2025-09-23 23:18:15.225659;154;28552.40001;379;2025;9;1;26592.8;28721.2;24835.2;25757.6;23479.6;29004.60000285714;28092.30666966667;3783.6417242759535;0.1116590071216936;-0.993746580436178;-0.2219215130041638;0.9750645322571952;0;0;0;0;1;0;0;0;0;0
2025-09-24 23:18:15.225659;158;29964.00001;381;2025;9;2;28552.40001;28056.1;28158.9;23764.8;31012.40002;29277.15714714285;28298.94667;3772.630658794758;0.0945367498171989;-0.9955213724144752;-0.1882267098432436;0.9821256058680008;0;0;0;0;0;1;0;0;0;0
2025-09-25 23:18:15.225659;143;26300.40001;365;2025;9;3;29964.00001;22477.6;26237.7;25419.00001;26625.0;29823.27143428571;28328.32667;2766.94393630674;0.0773864792334633;-0.9970011699250152;-0.1543088206642816;0.9880226656636976;0;0;0;0;0;0;1;0;0;0
2025-09-26 23:18:15.225659;150;29594.70002;384;2025;9;4;26300.40001;32686.0;26517.1;32458.5;21999.3;29381.65715142857;28232.866670666663;2463.998792839788;0.0602132773657937;-0.9981855344718584;-0.1202080448993542;0.99274872245774;0;0;0;0;0;0;0;1;0;0
2025-09-27 23:18:15.225659;107;19613.4;254;2025;9;5;29594.70002;32906.0;30012.10001;27756.8;24337.8;27482.71429428572;27961.420004;3961.979886916732;0.0430222330045317;-0.99907411510223;-0.085964798737449;0.9962981749346076;0;0;0;0;0;0;0;0;1;0
2025-09-28 23:18:15.225659;137;22792.2;323;2025;9;6;19613.4;31761.30001;24183.80002;29923.0;22238.3;26201.414292857145;27723.726670666663;3794.430754596222;0.0258184402271347;-0.9996666485105112;-0.0516196672232574;0.9986668162884758;0;0;0;0;0;0;0;0;0;1
2025-09-29 23:18:15.225659;144;28892.5;353;2025;9;0;22792.2;26592.8;25301.9;23521.0;26040.8;26529.94286428572;27902.776670666663;3931.0615797829273;0.0086069968886907;-0.9999629591162656;-0.0172133561558394;0.999851839209116;0;0;0;1;0;0;0;0;0;0
2025-09-30 23:18:15.225659;118;22203.5;277;2025;9;1;28892.5;28552.40001;28721.2;25969.1;25650.9;25622.95714857144;27777.256670666666;4114.7880503614015;-0.0086069968886854;-0.9999629591162656;0.0172133561558288;0.9998518392091164;0;0;0;0;1;0;0;0;0;0
2025-10-01 23:18:15.225659;121;23629.6;309;2025;10;2;22203.5;29964.00001;28056.1;27839.0;26832.5;24718.04286142857;27636.94333733333;3673.9083349991074;-0.0258184402271329;-0.9996666485105112;0.0516196672232539;0.998666816288476;1;0;0;0;0;1;0;0;0;0
2025-10-02 23:18:15.225659;142;31881.9;361;2025;10;3;23629.6;26300.40001;22477.6;27211.60001;25734.30001;25515.400002857143;27792.620003666667;4570.779670967372;-0.04302223300453;-0.99907411510223;0.0859647987374456;0.9962981749346078;1;0;0;0;0;0;1;0;0;0
2025-10-03 23:18:15.225659;122;21596.6;309;2025;10;4;31881.9;29594.70002;32686.0;31992.5;26136.5;24372.814285714285;27446.090003666668;4376.641611794948;-0.060213277365792;-0.9981855344718586;0.1202080448993508;0.9927487224577404;1;0;0;0;0;0;0;1;0;0
2025-10-04 23:18:15.225659;144;28161.3;348;2025;10;5;21596.6;19613.4;32906.0;25827.00001;24842.5;25593.94285714285;27523.90000333333;4004.007690992082;-0.0773864792334615;-0.9970011699250152;0.1543088206642782;0.988022665663698;1;0;0;0;0;0;0;0;1;0
2025-10-05 23:18:15.225659;118;23229.1;303;2025;10;6;28161.3;22792.2;31761.30001;36692.0;29330.6;25656.35714285714;27075.13667;3956.174824186079;-0.0945367498171972;-0.9955213724144756;0.1882267098432402;0.9821256058680014;1;0;0;0;0;0;0;0;0;1
2025-10-06 23:18:15.225659;134;28173.6;338;2025;10;0;23229.1;28892.5;26592.8;30921.6;26065.7;25553.657142857144;26983.53667;3866.479350717361;-0.1116590071216919;-0.9937465804361784;0.2219215130041605;0.975064532257196;1;0;0;1;0;0;0;0;0;0
2025-10-07 23:18:15.225659;122;26474.0;312;2025;10;1;28173.6;22203.5;28552.40001;29889.2;25624.0;26163.728571428568;26869.69667;3575.755012914188;-0.1287481774525777;-0.9916773198992904;0.255353295116181;0.9668478136052792;1;0;0;0;1;0;0;0;0;0
2025-10-08 23:18:15.225659;124;26948.4;334;2025;10;2;26474.0;23629.6;29964.00001;26584.00001;32054.40001;26637.842857142856;26881.84333633333;3399.425309694346;-0.1457991969198745;-0.9893142039703664;0.2884824328806088;0.9574851883550392;1;0;0;0;0;1;0;0;0;0
2025-10-09 23:18:15.225659;128;27006.2;318;2025;10;3;26948.4;31881.9;26300.40001;24835.2;26116.8;25941.31428571429;26954.210003;2535.614387368186;-0.1628070129385161;-0.9866579328916572;0.3212696616923633;0.9469877530760756;1;0;0;0;0;0;1;0;0;0
2025-10-10 23:18:15.225659;124;22936.80002;320;2025;10;4;27006.2;21596.6;29594.70002;28158.9;30691.1;26132.771431428573;26780.140003666667;2178.302657515967;-0.1797665857255609;-0.98370929377361;0.3536761221763694;0.935367949313149;1;0;0;0;0;0;0;1;0;0
2025-10-11 23:18:15.225659;143;27664.3;367;2025;10;5;22936.80002;28161.3;19613.4;26237.7;22686.60001;26061.771431428573;26827.693337;2108.134222849149;-0.1966728897935746;-0.9804691603616325;0.385663406243604;0.9226395488404888;1;0;0;0;0;0;0;0;1;0
2025-10-12 23:18:15.225659;133;27307.8;312;2025;10;6;27664.3;23229.1;22792.2;26517.1;29965.9;26644.442860000003;26854.050003666667;1723.2429316474445;-0.2135209154397973;-0.9769384927771814;0.4171936026123192;0.9088176373395018;1;0;0;0;0;0;0;0;0;1
2025-10-13 23:18:15.225659;136;28742.90001;348;2025;10;0;27307.8;28173.6;28892.5;30012.10001;26403.5;26725.771432857146;26811.743337;1818.254552360111;-0.230305670230613;-0.9731183372332618;0.448229341740412;0.8939185965192563;1;0;0;1;0;0;0;0;0;0
2025-10-14 23:18:15.225659;137;27751.7;356;2025;10;1;28742.90001;26474.0;22203.5;24183.80002;26451.0;26908.30000428572;26930.673336333337;1852.575752739604;-0.2470221804809324;-0.969009825724407;0.4787338401157827;0.8779600847008913;1;0;0;0;1;0;0;0;0;0
2025-10-15 23:18:15.225659;130;25388.60001;335;2025;10;2;27751.7;26948.4;23629.6;25301.9;32653.4;26685.471434285715;26933.563336666663;1938.751040384426;-0.2636654927280069;-0.9646141756912436;0.508670943852104;0.8609610158889947;1;0;0;0;0;1;0;0;0;0
2025-10-16 23:18:15.225659;146;26575.8;361;2025;10;3;25388.60001;27006.2;31881.9;28721.2;26807.2;26623.98572;26862.05000333333;1933.7024563754503;-0.2802306751992153;-0.9599326896597448;0.5380051715382983;0.8429415373547837;1;0;0;0;0;0;1;0;0;0
2025-10-17 23:18:15.225659;122;23080.8;304;2025;10;4;26575.8;22936.80002;21596.6;28056.1;27013.4;26644.557145714287;26696.20667;1888.1691093927784;-0.2967128192734889;-0.9549667548552556;0.5667017562911154;0.8239230057575557;1;0;0;0;0;0;0;1;0;0
2025-10-18 23:18:15.225659;137;30246.1;359;2025;10;5;23080.8;27664.3;28161.3;22477.6;31454.4;27013.38571714286;26955.15667;2322.7171355500263;-0.3131070409358247;-0.9497178427914325;0.5947266869607603;0.8039279618328236;1;0;0;0;0;0;0;0;1;0
2025-10-19 23:18:15.225659;135;26809.3;346;2025;10;6;30246.1;27307.8;23229.1;32686.0;27667.6;26942.17143142857;26759.26667;2319.826151504646;-0.3294084822245312;-0.9441875088341992;0.6220467484408693;0.7829801036770615;1;0;0;0;0;0;0;0;0;1
2025-10-20 23:18:15.225659;143;28853.9;386;2025;10;0;26809.3;28742.90001;28173.6;32906.0;28488.8;26958.028572857143;26624.19667;2334.519322505079;-0.3456123126707338;-0.938377391740864;0.6486295610349824;0.7611042586607738;1;0;0;1;0;0;0;0;0;0
2025-10-21 23:18:15.225659;146;29270.90001;358;2025;10;1;28853.9;27751.7;26474.0;31761.30001;30712.80001;27175.057145714287;26541.183336666665;2486.283469469071;-0.3617137307297675;-0.9322892131745134;0.6744436188329456;0.7383263540031064;1;0;0;0;1;0;0;0;0;0
2025-10-22 23:18:15.225659;127;25105.1;314;2025;10;2;29270.90001;25388.60001;26948.4;26592.8;29783.9;27134.557144285714;26491.593336666665;2522.2821901296084;-0.3777079652039644;-0.92592477719385;0.6994583270516463;0.7146733860429616;1;0;0;0;0;1;0;0;0;0
2025-10-23 23:18:15.225659;118;24707.0;299;2025;10;3;25105.1;26575.8;27006.2;28552.40001;27749.3;26867.585715714285;26363.41333633333;2684.938007249514;-0.3935902766564658;-0.9192859697186108;0.723644038295911;0.6901733882429734;1;0;0;0;0;0;1;0;0;0
2025-10-24 23:18:15.225659;151;26754.3;364;2025;10;4;24707.0;23080.8;22936.80002;29964.00001;25076.2;27392.37143;26256.423336;2121.266912792792;-0.40935595881562;-0.912374757970728;0.7469720876965532;0.6648553979642888;1;0;0;0;0;0;0;1;0;0
2025-10-25 23:18:15.225659;154;33439.2;402;2025;10;5;26754.3;30246.1;27664.3;26300.40001;26759.8;27848.52857285714;26494.383335666666;2998.956860941646;-0.425000339969552;-0.9051931898913984;0.7694148268839351;0.6387494220515304;1;0;0;0;0;0;0;0;1;0
2025-10-26 23:18:15.225659;135;28171.7;353;2025;10;6;33439.2;26809.3;27307.8;29594.70002;30410.2;28043.15714428572;26446.950001666668;2964.2799941328785;-0.4405187843504925;-0.8977433935342349;0.790945656756774;0.6118864012687285;1;0;0;0;0;0;0;0;0;1
2025-10-27 23:18:15.225659;131;30654.7;357;2025;10;0;28171.7;28853.9;28742.90001;19613.4;23617.80001;28300.41428714286;26814.993335;3120.39844539075;-0.4559066935084591;-0.8900275764346764;0.8115390590073615;0.5842981736283678;1;0;0;1;0;0;0;0;0;0
2025-10-28 23:18:15.225659;141;29948.4;355;2025;10;1;30654.7;29270.90001;27751.7;22792.2;24927.7;28397.2;27053.533335;3165.695310670337;-0.4711595076738637;-0.8820480249558538;0.8311706263658077;0.5560174366570447;1;0;0;0;1;0;0;0;0;0
2025-10-29 23:18:15.225659;128;27898.9;325;2025;10;2;29948.4;25105.1;25388.60001;28892.5;26412.6;28796.314285714285;27020.413335;2840.924021880106;-0.4862727071086895;-0.8738071036110812;0.8498170915275272;0.5270777086423732;1;0;0;0;0;1;0;0;0;0
2025-10-30 23:18:15.225659;129;23786.1;345;2025;10;3;27898.9;24707.0;26575.8;22203.5;29069.1;28664.757142857143;27073.16666833333;3073.643350519163;-0.5012418134457746;-0.8653072543632068;0.8674563547295957;0.4975132889071827;1;0;0;0;0;0;1;0;0;0
2025-10-31 23:18:15.225659;143;30496.1;374;2025;10;4;23786.1;26754.3;23080.8;23629.6;27211.6;29199.3;27302.050001666663;3010.745156380211;-0.5160623910158513;-0.8565509959010045;0.8840675099433619;0.4673592171580053;1;0;0;0;0;0;0;1;0;0
2025-11-01 23:18:15.225659;138;29089.50001;327;2025;11;5;30496.1;33439.2;30246.1;31881.9;32313.20001;28577.91428714286;27208.970002;2370.653249591916;-0.5307300481619314;-0.8475409228928323;0.8996308696522414;0.436651231956068;1;0;0;0;0;0;0;0;1;0
2025-11-02 23:18:15.225659;128;24983.7;296;2025;11;6;29089.50001;28171.7;26809.3;21596.6;32243.8;28122.485715714287;27321.87333533333;2739.26513831455;-0.5452404385406516;-0.838279705217774;0.9141279881853344;0.4054257283599958;1;0;0;0;0;0;0;0;0;1
2025-11-03 23:18:15.225659;136;27599.3;324;2025;11;0;24983.7;30654.7;28853.9;28161.3;28514.6;27686.00000142857;27303.140002000004;2501.646679291816;-0.5595892624101738;-0.8287700871745056;0.927541683579194;0.3737197147904751;1;0;0;1;0;0;0;0;0;0
2025-11-04 23:18:15.225659;153;29501.3;389;2025;11;1;27599.3;29948.4;29270.90001;23229.1;24322.9;27622.128572857146;27512.213335333334;2439.1842920545423;-0.5737722679043245;-0.8190148866680801;0.9398560579418952;0.3415707691678561;1;0;0;0;1;0;0;0;0;0
2025-11-05 23:18:15.225659;144;29451.7;354;2025;11;2;29501.3;27898.9;25105.1;28173.6;25198.30001;27843.95714428572;27554.816668666663;2537.1898444951;-0.5877852522924725;-0.8090169943749479;0.951056516295153;0.3090169943749491;1;0;0;0;0;1;0;0;0;0
2025-11-06 23:18:15.225659;142;33726.1;378;2025;11;3;29451.7;23786.1;24707.0;26474.0;28519.40001;29263.95714428572;27796.55333533333;2665.9142838700805;-0.6016240632249213;-0.7987793728863658;0.9611297838723;0.2760969730974715;1;0;0;0;0;0;1;0;0;0
2025-11-07 23:18:15.225659;141;27479.2;341;2025;11;4;33726.1;30496.1;26754.3;26948.4;26739.6;28832.97143;27814.246668666667;2677.359864350746;-0.6152845999633262;-0.7883050558305267;0.970063921851506;0.2428497220959394;1;0;0;0;0;0;0;1;0;0
2025-11-08 23:18:15.225659;142;26883.00001;364;2025;11;5;27479.2;29089.50001;33439.2;27006.2;29152.9;28517.757144285715;27810.140002333334;2770.3969740950106;-0.6287628145958353;-0.7775971469736261;0.9778483415056572;0.2093146459630464;1;0;0;0;0;0;0;0;1;0
2025-11-09 23:18:15.225659;146;27017.3;355;2025;11;6;26883.00001;24983.7;28171.7;22936.80002;28351.1;28808.27143;27946.156668333333;2422.863947747977;-0.6420547132365613;-0.7666588193001611;0.9844738167520912;0.175531490421434;1;0;0;0;0;0;0;0;0;1
2025-11-10 23:18:15.225659;119;24164.8;295;2025;11;0;27017.3;27599.3;30654.7;27664.3;24605.7;28317.628572857146;27829.50666833333;2989.891869995583;-0.6551563572090852;-0.7554933140726803;0.989932495087353;0.1415402952170431;1;0;0;1;0;0;0;0;0;0
2025-11-11 23:18:15.225659;145;30444.4;377;2025;11;1;24164.8;29501.3;29948.4;27307.8;29206.3;28452.35714428572;27934.060001666665;3072.234162781128;-0.6680638642135304;-0.7441039398713634;0.9942179068939512;0.1073813466641711;1;0;0;0;1;0;0;0;0;0
2025-11-12 23:18:15.225659;157;30441.9;379;2025;11;2;30444.4;29451.7;27898.9;28742.90001;28932.9;28593.814287142857;27990.693334666663;3147.783883791797;-0.6807734094770155;-0.7324940716135796;0.9973249731081554;0.0730951298980797;1;0;0;0;0;1;0;0;0;0
2025-11-13 23:18:15.225659;141;29017.4;358;2025;11;3;30441.9;33726.1;23786.1;27751.7;24515.2;27921.14285857143;28032.883334666665;2240.6442725393667;-0.6932812268869789;-0.7206671495538598;0.9992500112396836;0.0387222808921706;1;0;0;0;0;0;1;0;0;0
2025-11-14 23:18:15.225659;147;29503.8;377;2025;11;4;29017.4;27479.2;30496.1;25388.60001;31515.6;28210.37143;28170.056667666668;2303.867708432179;-0.7055836101071763;-0.7086266782644612;0.99999073973619;0.0043035382962484;1;0;0;0;0;0;0;1;0;0
2025-11-15 23:18:15.225659;126;23168.6;316;2025;11;5;29503.8;26883.00001;29089.50001;26575.8;28155.5;27679.742857142857;28056.48333433333;2987.0112151654084;-0.7176769136759601;-0.6963762255968742;0.9995462806873576;-0.0301203048469028;1;0;0;0;0;0;0;0;1;0
2025-11-16 23:18:15.225659;138;30458.70001;351;2025;11;6;23168.6;27017.3;24983.7;23080.8;25615.60001;28171.371430000003;28302.413334666668;3139.142604279956;-0.7295575540864877;-0.6839194216246103;0.9979171608653922;-0.0645084494493169;1;0;0;0;0;0;0;0;0;1
2025-11-17 23:18:15.225659;147;26527.1;363;2025;11;0;30458.70001;24164.8;27599.3;30246.1;28822.5;28508.842858571425;28178.446668;2737.976835065785;-0.7412220108485932;-0.6712599575675343;0.9951053111006984;-0.0988201387328639;1;0;0;1;0;0;0;0;0;0
2025-11-18 23:18:15.225659;137;28229.1;340;2025;11;1;26527.1;30444.4;29501.3;26809.3;33167.2;28192.37143;28225.77333466667;2601.59881481924;-0.7526668275320079;-0.6584015846980494;0.9911140639934548;-0.1330147065341944;1;0;0;0;1;0;0;0;0;0
2025-11-19 23:18:15.225659;135;28295.50001;337;2025;11;2;28229.1;30441.9;29451.7;28853.9;22960.6;27885.74286;28207.160001666667;2411.846025931104;-0.7638886127905441;-0.6453481132295485;0.9859481499638296;-0.1670516255021236;1;0;0;0;0;1;0;0;0;0
2025-11-20 23:18:15.225659;149;30422.4;371;2025;11;3;28295.50001;29017.4;33726.1;29270.90001;26005.20001;28086.457145714285;28245.543334666665;2574.6839776553;-0.7748840413670395;-0.6321034111873501;0.9796136916454908;-0.2008905551306316;1;0;0;0;0;0;1;0;0;0
2025-11-21 23:18:15.225659;139;27118.0;348;2025;11;4;30422.4;29503.8;27479.2;25105.1;27800.2;27745.628574285714;28312.640001333333;2512.962567022747;-0.7856498550787151;-0.6186714032625025;0.9721181966290608;-0.234491389570412;1;0;0;0;0;0;0;1;0;0
2025-11-22 23:18:15.225659;117;21577.6;271;2025;11;5;27118.0;23168.6;26883.00001;24707.0;25003.3;27518.34286;28208.326668;3017.274143204254;-0.7961828637826139;-0.6050560696488514;0.9634705485641504;-0.2678143051621687;1;0;0;0;0;0;0;0;1;0
2025-11-23 23:18:15.225659;156;29613.50001;369;2025;11;6;21577.6;30458.70001;27017.3;26754.3;27297.1;27397.60000285714;28303.633335;2894.4081427894894;-0.8064799463209448;-0.5912614448635781;0.9536809966304456;-0.3008198076356678;1;0;0;0;0;0;0;0;0;1
2025-11-24 23:18:15.225659;139;29884.2;363;2025;11;0;29613.50001;26527.1;24164.8;33439.2;24460.9;27877.18571714286;28185.133335;3002.248687002928;-0.8165380514459158;-0.5772916165517277;0.942761143390421;-0.333468778918186;1;0;0;1;0;0;0;0;0;0
2025-11-25 23:18:15.225659;136;26916.1;347;2025;11;1;29884.2;28229.1;30444.4;28171.7;27437.5;27689.61428857143;28143.280001666662;3017.5747402830966;-0.826354198723907;-0.5631507242749223;0.9307239310379828;-0.3657225234972607;1;0;0;0;1;0;0;0;0;0
2025-11-26 23:18:15.225659;132;25858.20001;321;2025;11;2;26916.1;28295.50001;30441.9;30654.7;27144.3;27341.42857428572;27983.396668666668;3076.060564804253;-0.835925479418636;-0.5488429582847205;0.9175836260593948;-0.3975428142825531;1;0;0;0;0;1;0;0;0;0
2025-11-27 23:18:15.225659;146;29807.1;349;2025;11;3;25858.20001;30422.4;29017.4;29948.4;24051.9;27253.528574285712;27978.686668666665;2980.658690445762;-0.8452490573530639;-0.5343725582809776;0.9033558023246832;-0.4288919379124863;1;0;0;0;0;0;1;0;0;0
2025-11-28 23:18:15.225659;138;27430.00001;353;2025;11;4;29807.1;27118.0;29503.8;27898.9;27245.0;27298.100004285712;27963.056669;2980.627038620916;-0.8543221697498257;-0.5197438121555178;0.8880573226294954;-0.4597327394520997;1;0;0;0;0;0;0;1;0;0
2025-11-29 23:18:15.225659;127;26012.9;308;2025;11;5;27430.00001;21577.6;23168.6;23786.1;30933.60001;27931.71429;28037.283335666663;1799.1745593791684;-0.8631421280499116;-0.5049610547215201;0.8717063187093214;-0.49002866642906;1;0;0;0;0;0;0;0;1;0
2025-11-30 23:18:15.225659;144;29027.9;367;2025;11;6;26012.9;29613.50001;30458.70001;30496.1;30966.40001;27848.057145714287;27988.34333566667;1719.806425589099;-0.8717063187093218;-0.4900286664290593;0.854322169749827;-0.5197438121555155;1;0;0;0;0;0;0;0;0;1
2025-12-01 23:18:15.225659;144;26587.1;333;2025;12;0;29027.9;29884.2;26527.1;29089.50001;28670.5;27377.04286;27904.930002;1507.6227892406037;-0.8800122039735353;-0.4749510720670508;0.8359254794186376;-0.5488429582847182;0;1;0;1;0;0;0;0;0;0
2025-12-02 23:18:15.225659;113;21656.9;281;2025;12;1;26587.1;26916.1;28229.1;24983.7;26815.90001;26625.72857428572;27794.036668666664;2651.848813407382;-0.8880573226294927;-0.4597327394521052;0.8165380514459174;-0.5772916165517255;0;1;0;0;1;0;0;0;0;0
2025-12-03 23:18:15.225659;128;22931.60001;308;2025;12;2;21656.9;25858.20001;28295.50001;27599.3;21903.0;26207.64286;27638.446669;3000.7701477028986;-0.8958392907349081;-0.4443781781046149;0.7961828637826177;-0.6050560696488464;0;1;0;0;0;1;0;0;0;0
2025-12-04 23:18:15.225659;133;23767.5;308;2025;12;3;22931.60001;29807.1;30422.4;29501.3;28906.3;25344.84286;27447.32000233333;2639.916901172616;-0.9033558023246836;-0.4288919379124856;0.7748840413670435;-0.6321034111873453;0;1;0;0;0;0;1;0;0;0
2025-12-05 23:18:15.225659;139;26922.1;346;2025;12;4;23767.5;27430.00001;27118.0;29451.7;24794.8;25272.28571571429;27363.00000233333;2579.340207680945;-0.9106046300942164;-0.4132786077829034;0.7526668275320072;-0.6584015846980501;0;1;0;0;0;0;0;1;0;0
2025-12-06 23:18:15.225659;138;31239.4;352;2025;12;5;26922.1;26012.9;21577.6;33726.1;29815.1;26018.92857285714;27280.11000233333;3441.7434998495364;-0.9175836260593924;-0.3975428142825589;0.729557554086492;-0.6839194216246057;0;1;0;0;0;0;0;0;1;0
2025-12-07 23:18:15.225659;148;25013.5;344;2025;12;6;31239.4;29027.9;29613.50001;27479.2;26259.6;25445.442858571427;27197.920002333336;3181.413900214438;-0.9242907221930932;-0.3816892202666593;0.7055836101071782;-0.7086266782644594;0;1;0;0;0;0;0;0;0;1
2025-12-08 23:18:15.225659;130;23146.70001;311;2025;12;0;25013.5;26587.1;29884.2;26883.00001;32656.60001;24953.957145714285;27073.376669000005;3240.840853866741;-0.9307239310379792;-0.3657225234972699;0.6807734094770175;-0.7324940716135777;0;1;0;1;0;0;0;0;0;0
2025-12-09 23:18:15.225659;146;28653.8;354;2025;12;1;23146.70001;21656.9;26916.1;27017.3;31681.00001;25953.514288571427;27127.926669;3131.6328699257647;-0.936881346295431;-0.3496474552512297;0.6551563572090873;-0.7554933140726786;0;1;0;0;1;0;0;0;0;0
2025-12-10 23:18:15.225659;112;23620.1;293;2025;12;2;28653.8;22931.60001;25858.20001;24164.8;28100.2;26051.87143;27109.77000233333;3030.068317056629;-0.94276114339042;-0.3334687789181886;0.6287628145958374;-0.7775971469736245;0;1;0;0;0;1;0;0;0;0
2025-12-11 23:18:15.225659;140;26845.8;341;2025;12;3;23620.1;23767.5;29807.1;30444.4;36377.2;26491.628572857146;26989.816669000003;2861.996662221073;-0.948361580012172;-0.3171912885891049;0.6016240632249207;-0.7987793728863662;0;1;0;0;0;0;1;0;0;0
2025-12-12 23:18:15.225659;121;23169.6;312;2025;12;4;26845.8;26922.1;27430.00001;30441.9;24711.7;25955.55714428571;26747.406669;3108.727218679851;-0.9536809966304448;-0.3008198076356704;0.5737722679043296;-0.8190148866680765;0;1;0;0;0;0;0;1;0;0
2025-12-13 23:18:15.225659;127;24783.4;293;2025;12;5;23169.6;31239.4;26012.9;29017.4;24026.0;25033.27143;26606.27333566667;2060.9783274193665;-0.9587178169872964;-0.2843591872810034;0.5452404385406509;-0.8382797052177744;0;1;0;0;0;0;0;0;1;0
2025-12-14 23:18:15.225659;140;27525.6;354;2025;12;6;24783.4;25013.5;29027.9;29503.8;26647.2;25392.142858571427;26540.333335666663;2265.5234815318736;-0.9634705485641476;-0.2678143051621781;0.5160623910158596;-0.8565509959009995;0;1;0;0;0;0;0;0;0;1
2025-12-15 23:18:15.225659;147;32502.6;395;2025;12;0;27525.6;23146.70001;26587.1;23168.6;30679.4;26728.7;26851.466669;3261.070174549052;-0.967937783024064;-0.2511900638848203;0.4862727071086918;-0.8738071036110798;0;1;0;1;0;0;0;0;0;0
2025-12-16 23:18:15.225659;152;27709.6;358;2025;12;1;32502.6;28653.8;21656.9;30458.70001;20578.7;26593.81428571429;26759.830001999995;3186.8549754831874;-0.9721181966290618;-0.2344913895704077;0.4559066935084552;-0.8900275764346784;0;1;0;0;1;0;0;0;0;0
2025-12-17 23:18:15.225659;156;28145.9;361;2025;12;2;27709.6;23620.1;22931.60001;26527.1;31559.9;27240.35714285714;26813.790002;2931.897495853251;-0.976010550632368;-0.2177232303965338;0.4250003399695577;-0.9051931898913956;0;1;0;0;0;1;0;0;0;0
2025-12-18 23:18:15.225659;127;25459.50002;327;2025;12;3;28145.9;26845.8;23767.5;28229.1;24388.3;27042.31428857143;26721.470002666665;3008.802849009865;-0.9796136916454896;-0.2008905551306377;0.3935902766564715;-0.9192859697186084;0;1;0;0;0;0;1;0;0;0
2025-12-19 23:18:15.225659;139;31273.5;365;2025;12;4;25459.50002;23169.6;26922.1;28295.50001;28748.2;28200.01428857143;26820.736669;2823.723872210588;-0.9829265519799822;-0.1839983516576797;0.3617137307297667;-0.9322892131745136;0;1;0;0;0;0;0;1;0;0
2025-12-20 23:18:15.225659;158;31151.40001;395;2025;12;5;31273.5;24783.4;31239.4;30422.4;30456.7;29109.72857571428;26845.03666933333;2552.282081102819;-0.9859481499638296;-0.1670516255021228;0.329408482224537;-0.944187508834197;0;1;0;0;0;0;0;0;1;0
2025-12-21 23:18:15.225659;142;29819.6;365;2025;12;6;31151.40001;27525.6;25013.5;27118.0;32126.5;29437.44286142857;26935.090002666668;2460.607663847341;-0.9886775902323404;-0.1500553983446533;0.2967128192734915;-0.9549667548552548;0;1;0;0;0;0;0;0;0;1
2025-12-22 23:18:15.225659;137;30578.5;357;2025;12;0;29819.6;32502.6;23146.70001;21577.6;29024.2;29162.57143285714;27235.120002666667;2148.8556429698688;-0.991114063993455;-0.1330147065341935;0.2636654927280027;-0.9646141756912447;0;1;0;1;0;0;0;0;0;0
2025-12-23 23:18:15.225659;140;29601.7;340;2025;12;1;30578.5;27709.6;28653.8;29613.50001;27636.1;29432.871432857144;27234.726669;2052.4682997845453;-0.993256849267414;-0.1159345995955022;0.2303056702306156;-0.9731183372332612;0;1;0;0;1;0;0;0;0;0
2025-12-24 23:18:15.225659;135;25075.8;339;2025;12;2;29601.7;28145.9;23620.1;29884.2;27661.1;28994.285718571427;27074.446669;2622.2455621827726;-0.9951053111006976;-0.0988201387328702;0.1966728897935738;-0.9804691603616326;0;1;0;0;0;1;0;0;0;0
2025-12-25 23:18:15.225659;156;34286.6;398;2025;12;3;25075.8;25459.50002;26845.8;26916.1;26399.1;30255.30000142857;27320.13000233333;2758.0129350048264;-0.99665890175417;-0.0816763953304253;0.1628070129385223;-0.9866579328916562;0;1;0;0;0;0;1;0;0;0
2025-12-26 23:18:15.225659;119;22579.2;290;2025;12;4;34286.6;31273.5;23169.6;25858.20001;26904.3;29013.257144285715;27210.830002;3931.219040787622;-0.9979171608653922;-0.0645084494493161;0.1287481774525803;-0.99167731989929;0;1;0;0;0;0;0;1;0;0
2025-12-27 23:18:15.225659;100;20794.0;245;2025;12;5;22579.2;31151.40001;24783.4;29807.1;27166.1;27533.628571428573;26910.39333533333;4837.119097394757;-0.9988797155850336;-0.0473213883224321;0.0945367498171999;-0.9955213724144752;0;1;0;0;0;0;0;0;1;0
2025-12-28 23:18:15.225659;144;28380.6;359;2025;12;6;20794.0;29819.6;27525.6;27430.00001;26953.9;27328.057142857146;26942.080001666665;4753.63378404955;-0.9995462806873572;-0.0301203048469126;0.0602132773658018;-0.998185534471858;0;1;0;0;0;0;0;0;0;1
2025-12-29 23:18:15.225659;137;29002.0;359;2025;12;0;28380.6;30578.5;32502.6;26012.9;27275.9;27102.842857142856;27041.71666833333;4609.118869464882;-0.999916658654738;-0.0129102960750104;0.0258184402271356;-0.9996666485105112;0;1;0;1;0;0;0;0;0;0
2025-12-30 23:18:15.225659;144;30922.1;375;2025;12;1;29002.0;29601.7;27709.6;29027.9;29811.4;27291.471428571425;27104.856668333334;4753.19600294171;-0.99999073973619;0.0043035382962457;-0.0086069968886916;-0.9999629591162656;0;1;0;0;1;0;0;0;0;0
2025-12-31 23:18:15.225659;145;30270.3;364;2025;12;2;30922.1;25075.8;28145.9;26587.1;23689.8;28033.542857142857;27227.63000166667;4755.115897591135;-0.9997685019798908;0.0215160974362197;-0.0430222330045255;-0.9990741151022302;0;1;0;0;0;1;0;0;0;0
